Rk,Player,Age,Team,Pos,G,GS,MP,PER,TS%,3PAr,FTr,ORB%,DRB%,TRB%,AST%,STL%,BLK%,TOV%,USG%,OWS,DWS,WS,WS/48,OBPM,DBPM,BPM,VORP,Awards,Player-additional
1,Amen Thompson,23,HOU,PG,64,64,2371,18.3,.581,.122,.373,8.7,14.1,11.4,20.8,2.0,1.5,14.1,20.2,4.6,2.9,7.5,.152,1.3,0.9,2.2,2.5,,thompam01
2,Tyrese Maxey,25,PHI,PG,61,61,2334,22.6,.589,.406,.279,0.8,11.3,5.9,29.7,2.6,2.0,9.0,29.9,5.6,2.4,8.0,.164,5.3,0.5,5.8,4.5,AS,maxeyty01
3,Kevin Durant,37,HOU,SF,63,63,2298,21.0,.634,.321,.335,1.8,14.8,8.3,19.7,1.2,2.3,13.4,27.2,5.9,2.5,8.4,.176,4.1,0.1,4.2,3.6,AS,duranke01
4,Mikal Bridges,29,NYK,SF,68,68,2280,15.7,.587,.429,.101,3.3,10.3,6.8,16.3,2.0,2.5,7.6,17.5,4.1,3.0,7.1,.149,1.5,1.6,3.1,3.0,,bridgmi01
5,Toumani Camara,25,POR,PF,67,67,2242,10.3,.554,.665,.159,5.1,12.4,8.7,10.7,1.5,1.1,14.0,16.2,0.9,1.8,2.7,.058,-1.6,-0.4,-2.0,0.0,,camarto01
6,Desmond Bane,27,ORL,SG,65,65,2228,17.3,.610,.346,.274,3.9,9.6,6.7,19.6,1.5,1.2,10.6,23.4,4.2,2.1,6.3,.137,1.8,-0.3,1.5,1.9,,banede01
7,Julius Randle,31,MIN,PF,67,67,2213,18.7,.585,.295,.398,5.8,17.1,11.6,23.3,1.5,0.6,13.0,26.3,4.0,2.4,6.4,.140,1.5,-0.3,1.2,1.8,,randlju01
8,Jalen Brunson,29,NYK,PG,63,63,2196,20.1,.581,.367,.289,1.4,9.6,5.5,30.5,1.0,0.3,9.4,30.4,5.6,1.9,7.5,.164,4.1,-1.0,3.1,2.8,AS,brunsja01
9,Scottie Barnes,24,TOR,PF,64,64,2192,18.8,.573,.207,.261,6.5,19.4,12.8,23.6,2.0,4.4,14.0,23.8,2.4,3.6,5.9,.130,1.3,2.0,3.4,2.9,AS,barnesc01
10,Brandon Ingram,28,TOR,SF,64,64,2184,16.4,.566,.279,.268,2.6,16.4,9.4,17.6,1.2,2.1,11.3,27.2,1.1,2.6,3.7,.081,0.9,-0.6,0.4,1.3,AS,ingrabr01
11,Jamal Murray,28,DEN,PG,62,62,2169,22.4,.618,.398,.290,1.4,12.1,6.9,32.5,1.3,1.0,10.1,28.8,6.4,1.3,7.7,.171,5.7,-1.5,4.3,3.4,AS,murraja01
12,Derrick White,31,BOS,SG,63,63,2163,17.1,.529,.573,.187,3.5,10.5,7.1,23.8,1.7,4.3,9.6,23.1,3.3,2.8,6.2,.137,2.8,1.0,3.8,3.2,,whitede01
13,Jabari Smith Jr.,22,HOU,PF,62,62,2159,13.8,.572,.489,.214,4.8,16.7,10.8,7.4,1.2,2.5,8.9,17.8,2.9,2.6,5.5,.122,-0.4,0.0,-0.4,0.9,,smithja05
14,Kon Knueppel,20,CHO,SF,66,65,2109,17.9,.653,.595,.215,4.3,14.3,9.4,16.7,1.1,0.7,12.3,22.2,5.1,1.8,6.9,.157,3.7,-0.4,3.2,2.8,,knuepko01
15,Nickeil Alexander-Walker,27,ATL,SG,63,56,2094,15.1,.586,.526,.245,1.9,9.4,5.6,16.2,1.8,1.5,11.2,24.1,1.7,1.9,3.6,.083,0.5,-0.9,-0.3,0.9,,alexani01
16,DeMar DeRozan,36,SAC,PF,66,66,2093,17.6,.591,.151,.430,1.5,9.4,5.3,18.7,1.7,0.9,6.9,22.4,4.4,0.5,4.8,.111,0.7,-0.8,-0.1,1.0,,derozde01
17,Trey Murphy III,25,NOP,SF,59,59,2089,18.9,.617,.528,.238,3.1,14.2,8.6,16.7,2.1,0.8,9.4,23.1,4.4,1.3,5.7,.132,3.4,-0.7,2.6,2.4,,murphtr02
18,Payton Pritchard,28,BOS,PG,64,49,2086,17.1,.575,.516,.129,3.0,10.7,6.9,24.1,1.2,0.3,8.3,21.2,4.9,1.9,6.8,.157,2.4,-0.4,2.0,2.1,,pritcpa01
19,Jalen Johnson,24,ATL,SF,59,59,2079,21.2,.585,.266,.332,4.3,27.7,15.9,34.4,1.8,1.3,14.6,27.1,3.3,3.1,6.4,.147,3.1,1.4,4.4,3.4,AS,johnsja05
20,Jaden McDaniels,25,MIN,PF,65,65,2073,13.9,.621,.312,.231,3.7,10.9,7.4,12.3,1.6,2.7,13.7,18.2,2.5,2.2,4.7,.109,-0.8,0.4,-0.5,0.8,,mcdanja02
21,Donte DiVincenzo,29,MIN,SG,67,67,2072,13.4,.580,.763,.136,3.5,12.1,7.9,17.7,2.1,1.1,12.0,16.6,2.6,2.3,4.9,.114,0.4,0.7,1.1,1.6,,divindo01
22,Dyson Daniels,22,ATL,SG,62,62,2068,14.8,.528,.144,.156,7.1,14.3,10.7,24.9,2.7,1.1,14.2,15.9,2.1,2.7,4.7,.109,-1.1,1.5,0.4,1.3,,daniedy01
23,VJ Edgecombe,20,PHI,SG,59,59,2066,13.1,.532,.429,.186,5.1,12.4,8.7,15.9,2.0,1.5,11.5,19.6,1.1,1.8,2.9,.067,-0.9,-0.2,-1.1,0.5,,edgecvj01
24,Immanuel Quickley,26,TOR,PG,63,63,2055,16.9,.585,.524,.238,1.9,12.7,7.2,26.9,1.8,0.2,9.5,21.5,3.8,2.3,6.1,.143,2.1,0.2,2.3,2.2,,quickim01
25,Cade Cunningham,24,DET,PG,59,59,2053,21.9,.565,.307,.329,2.8,15.1,9.1,45.1,2.0,2.5,14.6,30.4,4.3,3.4,7.7,.179,4.9,1.5,6.4,4.4,AS,cunnica01
26,Ryan Rollins,23,MIL,PG,63,56,2033,15.6,.573,.435,.146,2.7,13.5,8.1,26.2,2.3,1.3,15.4,23.5,1.1,1.7,2.8,.066,0.2,-0.3,-0.2,0.9,,rolliry01
27,Anthony Edwards,24,MIN,SG,57,57,2023,22.7,.624,.420,.356,1.9,13.7,7.9,17.4,1.9,2.1,10.5,31.6,4.4,2.4,6.8,.160,5.2,-0.2,5.1,3.6,AS,edwaran01
28,Rudy Gobert,33,MIN,C,64,64,2013,17.7,.682,.010,.688,13.7,25.8,19.9,7.6,1.2,4.4,14.2,12.6,4.4,3.1,7.6,.181,0.2,0.8,1.0,1.5,,goberru01
29,Jaylen Brown,29,BOS,SF,59,59,2010,22.3,.570,.262,.325,3.7,18.9,11.4,26.7,1.5,1.3,12.6,36.3,2.9,2.7,5.6,.134,3.7,-0.1,3.6,2.8,AS,brownja02
30,James Harden,36,2TM,PG,57,57,1989,21.2,.608,.510,.471,2.1,13.7,8.1,36.0,1.6,1.0,15.3,29.5,4.7,1.6,6.3,.153,4.9,-0.8,4.1,3.0,,hardeja01
30,James Harden,36,LAC,PG,44,44,1559,21.8,.598,.505,.485,2.1,13.4,7.9,36.8,1.8,1.0,14.8,31.2,3.6,1.3,4.8,.149,4.8,-1.0,3.8,2.3,,hardeja01
30,James Harden,36,CLE,PG,13,13,430,19.2,.658,.533,.407,2.3,14.8,8.5,33.3,0.8,1.3,17.9,23.4,1.1,0.4,1.5,.167,5.2,-0.3,5.0,0.8,,hardeja01
31,Donovan Mitchell,29,CLE,SG,59,59,1970,23.3,.613,.454,.301,2.4,12.3,7.3,29.0,2.2,0.8,11.4,32.7,4.9,2.2,7.1,.174,5.5,0.0,5.5,3.8,AS,mitchdo01
32,Karl-Anthony Towns,30,NYK,C,63,63,1969,21.3,.614,.310,.410,10.6,31.4,20.9,14.0,1.3,1.8,13.2,25.6,4.4,3.4,7.8,.191,2.3,0.5,2.9,2.4,AS,townska01
33,Miles Bridges,27,CHO,PF,62,62,1969,15.6,.559,.441,.248,3.5,17.0,10.4,16.5,0.9,1.4,8.7,22.8,3.0,1.8,4.8,.118,1.0,-0.5,0.6,1.3,,bridgmi02
34,Royce O'Neale,32,PHO,SF,67,62,1959,11.3,.585,.825,.054,2.7,16.3,9.3,13.1,1.9,1.2,14.1,14.4,1.4,2.4,3.8,.093,-0.5,0.8,0.3,1.2,,onealro01
35,Alperen Şengün,23,HOU,C,58,58,1938,20.7,.554,.114,.347,10.1,19.4,14.8,28.4,1.9,2.9,15.5,27.1,2.8,2.9,5.7,.141,2.2,1.3,3.5,2.6,AS,sengual01
36,Paolo Banchero,23,ORL,PF,55,55,1922,17.9,.566,.238,.492,3.5,23.8,13.6,22.5,0.9,1.6,13.0,27.4,1.6,2.4,4.0,.100,1.4,0.0,1.4,1.7,,banchpa01
37,Luka Dončić,26,LAL,PG,54,54,1918,27.9,.616,.473,.458,2.2,23.3,13.0,41.2,2.1,1.4,13.0,37.6,5.8,2.3,8.1,.202,7.9,1.2,9.1,5.4,AS,doncilu01
38,Matas Buzelis,21,CHI,PF,66,66,1908,15.0,.592,.503,.257,3.8,16.6,10.3,10.7,1.1,4.4,12.9,22.5,0.7,1.8,2.5,.062,-0.5,-0.3,-0.9,0.5,,buzelma01
39,Collin Gillespie,26,PHO,PG,66,47,1905,16.1,.591,.675,.108,4.1,12.3,8.1,24.1,2.2,0.7,13.0,18.9,3.4,2.1,5.5,.139,2.5,0.6,3.1,2.4,,gilleco01
40,Onyeka Okongwu,25,ATL,C,60,49,1882,16.6,.599,.438,.226,6.3,20.9,13.5,14.4,1.8,3.2,11.9,20.2,2.2,2.6,4.8,.123,0.1,0.7,0.8,1.4,,okongon01
41,Saddiq Bey,26,NOP,SF,61,53,1881,17.1,.575,.429,.320,5.8,14.3,10.0,11.9,1.5,0.3,5.7,21.4,3.8,0.8,4.6,.117,2.2,-1.9,0.3,1.1,,beysa01
42,Naji Marshall,28,DAL,SF,64,37,1880,15.6,.606,.268,.376,3.3,13.6,8.6,15.6,1.7,0.3,11.3,19.8,2.5,1.7,4.2,.107,-0.5,0.3,-0.3,0.8,,marshna01
43,Bam Adebayo,28,MIA,C,59,59,1872,18.5,.551,.337,.356,6.8,24.9,15.8,13.3,1.6,2.0,8.8,25.4,2.0,3.2,5.2,.132,1.4,0.6,2.0,1.9,,adebaba01
44,Cooper Flagg,19,DAL,SF,55,55,1850,17.0,.546,.211,.278,3.9,16.7,10.4,20.2,1.6,2.1,10.9,25.7,0.8,2.1,2.9,.076,0.5,0.5,1.0,1.4,,flaggco01
45,Brandin Podziemski,22,GSW,SG,66,27,1848,14.3,.566,.472,.235,3.6,17.1,10.2,19.5,1.9,0.6,11.9,19.4,1.8,2.1,3.9,.100,-0.2,0.2,0.0,0.9,,podzibr01
46,Shai Gilgeous-Alexander,27,OKC,PG,55,55,1848,31.5,.669,.229,.466,1.8,12.3,7.3,35.4,2.0,2.4,8.3,33.4,9.5,3.3,12.9,.334,9.1,3.0,12.2,6.6,AS,gilgesh01
47,Pascal Siakam,31,IND,PF,55,55,1844,18.8,.563,.260,.336,4.6,17.3,10.8,20.5,1.6,1.1,9.3,29.6,1.3,1.4,2.8,.072,2.2,-0.9,1.3,1.5,AS,siakapa01
48,Anthony Black,22,ORL,PG,60,40,1841,13.9,.552,.385,.292,2.6,11.4,7.0,18.6,2.3,2.0,13.1,22.1,0.4,2.3,2.8,.072,-1.1,0.6,-0.5,0.7,,blackan01
49,Wendell Carter Jr.,26,ORL,C,62,62,1833,14.3,.608,.370,.344,7.9,20.8,14.3,10.1,1.3,2.1,11.4,15.5,2.7,2.4,5.1,.134,-0.9,0.6,-0.3,0.8,,cartewe01
50,Julian Champagnie,24,SAS,SF,66,52,1830,13.1,.614,.763,.219,3.4,18.8,11.3,7.1,1.3,1.3,8.8,15.2,2.3,2.7,4.9,.129,0.6,0.7,1.4,1.6,,champju02
51,Max Christie,22,DAL,SG,62,53,1827,11.3,.601,.599,.179,0.8,11.0,6.1,9.8,0.9,0.9,10.9,16.9,1.2,1.2,2.4,.063,-0.8,-0.5,-1.3,0.3,,chrisma02
52,CJ McCollum,34,2TM,SG,61,45,1822,15.4,.561,.446,.217,2.8,9.7,6.2,18.8,1.2,1.1,9.8,25.5,1.3,0.6,1.9,.050,1.0,-2.2,-1.2,0.4,,mccolcj01
52,CJ McCollum,34,WAS,SG,35,35,1082,15.3,.573,.461,.193,2.2,10.1,6.1,18.2,1.1,0.7,9.2,24.3,1.1,-0.1,1.1,.048,1.2,-2.7,-1.5,0.1,,mccolcj01
52,CJ McCollum,34,ATL,PG,26,10,740,15.4,.545,.426,.249,3.7,9.3,6.5,19.7,1.4,1.7,10.5,27.2,0.2,0.6,0.8,.052,0.6,-1.4,-0.8,0.2,,mccolcj01
53,Kris Dunn,31,LAC,PG,66,60,1819,11.8,.594,.441,.183,3.2,10.6,7.0,18.6,2.8,0.4,17.4,12.7,1.7,1.7,3.4,.090,-2.0,1.3,-0.8,0.6,,dunnkr01
54,De'Aaron Fox,28,SAS,PG,57,57,1798,18.0,.586,.382,.242,2.0,10.4,6.3,30.4,1.8,0.7,12.4,24.9,3.0,2.3,5.3,.140,1.9,0.5,2.4,2.0,AS,foxde01
55,Bub Carrington,20,WAS,PG,65,33,1794,9.3,.537,.580,.156,1.8,12.5,7.0,22.5,1.2,0.7,20.2,17.4,-0.6,0.1,-0.5,-0.013,-2.7,-2.2,-4.9,-1.3,,carrica01
56,OG Anunoby,28,NYK,PF,54,54,1793,15.7,.609,.475,.280,4.5,13.1,8.8,9.5,2.5,2.2,12.3,20.1,2.2,2.7,4.9,.130,0.6,1.3,1.9,1.8,,anunoog01
57,Tim Hardaway Jr.,33,DEN,SG,66,5,1792,13.7,.631,.693,.255,0.7,9.7,5.4,6.7,0.9,0.5,4.9,18.4,3.0,0.7,3.7,.100,1.3,-2.0,-0.7,0.6,,hardati02
58,Quentin Grimes,25,PHI,SG,60,13,1788,12.7,.589,.557,.332,2.4,11.2,6.7,16.2,1.5,1.2,14.6,18.3,1.6,1.2,2.8,.074,-0.9,-0.7,-1.6,0.2,,grimequ01
59,Keyonte George,22,UTA,PG,54,54,1786,18.8,.609,.410,.429,1.4,10.9,6.1,29.0,1.5,0.8,13.7,28.1,3.3,0.1,3.4,.092,3.0,-2.2,0.9,1.3,,georgke01
60,A.J. Green,26,MIL,SG,61,58,1783,8.6,.612,.901,.088,1.0,8.3,4.7,8.8,0.8,0.3,9.5,13.3,1.3,0.4,1.7,.046,-2.1,-1.6,-3.7,-0.8,,greenaj01
61,Jaime Jaquez Jr.,24,MIA,SF,62,1,1780,15.1,.558,.177,.261,4.7,14.1,9.4,23.5,1.2,0.9,13.5,21.9,1.5,2.1,3.6,.097,-0.2,0.3,0.1,0.9,,jaqueja01
62,Duncan Robinson,31,DET,SF,64,64,1770,12.2,.619,.779,.156,1.7,8.9,5.4,9.7,1.0,1.2,6.4,15.6,3.1,1.9,5.0,.137,0.8,-0.1,0.7,1.2,,robindu01
63,Nikola Jokić,30,DEN,C,51,51,1768,33.6,.680,.272,.450,10.3,30.0,20.6,50.9,2.0,2.1,15.1,31.2,9.6,2.6,12.1,.330,10.7,4.1,14.8,7.5,AS,jokicni01
64,Russell Westbrook,37,SAC,SF,61,55,1765,15.2,.533,.448,.214,4.7,16.6,10.5,34.1,2.1,0.5,18.5,26.1,-0.5,0.9,0.4,.011,0.7,-1.1,-0.4,0.7,,westbru01
65,Andrew Wiggins,30,MIA,SF,57,57,1765,15.3,.579,.393,.190,5.8,11.1,8.4,12.7,1.7,3.0,10.4,20.0,1.8,2.3,4.2,.113,0.8,0.7,1.5,1.6,,wiggian01
66,Cason Wallace,22,OKC,SG,64,54,1750,11.8,.527,.491,.111,3.4,8.7,6.2,12.9,3.6,1.1,11.1,14.8,0.5,3.5,4.1,.112,-2.4,3.1,0.7,1.2,,wallaca01
67,Nikola Vučević,35,2TM,C,60,49,1740,18.1,.577,.331,.118,7.5,24.1,15.9,17.9,1.0,2.1,9.0,21.6,2.6,1.8,4.4,.121,1.6,0.0,1.6,1.6,,vucevni01
67,Nikola Vučević,35,CHI,C,48,48,1480,18.3,.585,.330,.112,7.3,23.5,15.5,18.8,1.0,1.8,9.1,21.6,2.3,1.3,3.6,.118,1.9,-0.1,1.8,1.4,,vucevni01
67,Nikola Vučević,35,BOS,C,12,1,260,17.1,.532,.336,.155,8.5,27.4,18.1,12.3,1.0,3.5,8.6,21.4,0.3,0.4,0.7,.138,-0.3,0.9,0.6,0.2,,vucevni01
68,Naz Reid,26,MIN,C,66,2,1724,16.3,.582,.527,.135,5.0,21.2,13.3,13.1,1.8,3.2,11.7,21.8,1.5,2.6,4.0,.112,0.6,0.8,1.4,1.5,,reidna01
69,Nic Claxton,26,BRK,C,60,59,1721,18.0,.596,.031,.414,9.5,19.5,14.3,22.4,1.2,3.7,12.1,17.4,3.3,1.3,4.7,.130,0.7,0.7,1.4,1.5,,claxtni01
70,Reed Sheppard,21,HOU,SG,66,10,1711,15.3,.559,.592,.104,1.4,10.5,6.0,18.1,2.7,2.4,11.4,22.0,2.0,2.3,4.4,.122,0.9,1.2,2.2,1.8,,sheppre01
71,Jaylen Wells,22,MEM,SG,64,64,1708,11.6,.559,.519,.245,3.6,9.7,6.6,8.9,1.6,0.5,8.7,19.5,1.0,1.0,2.0,.056,-1.7,-1.3,-2.9,-0.4,,wellsja01
72,Jeremiah Fears,19,NOP,PG,68,44,1707,12.6,.513,.291,.227,2.9,13.0,7.9,19.0,2.2,1.3,14.9,24.9,-1.2,1.1,-0.1,-0.003,-2.3,-1.4,-3.6,-0.7,,fearsje01
73,Devin Booker,29,PHO,SG,51,51,1703,20.0,.580,.312,.429,2.5,11.0,6.6,29.8,1.3,0.8,12.9,32.0,3.4,1.4,4.8,.135,2.8,-1.1,1.7,1.6,AS,bookede01
74,Deni Avdija,25,POR,SF,51,51,1699,20.5,.604,.379,.556,3.6,19.1,11.2,32.2,1.1,1.7,15.9,28.9,3.7,1.6,5.3,.149,4.0,0.3,4.3,2.7,AS,avdijde01
75,Donovan Clingan,21,POR,C,62,62,1697,20.7,.605,.362,.314,17.6,28.1,22.8,11.5,1.0,5.2,10.8,16.4,4.2,2.4,6.6,.188,2.4,0.2,2.7,2.0,,clingdo01
76,Jaylon Tyson,23,CLE,SG,62,39,1691,14.8,.617,.452,.160,7.2,13.4,10.3,11.3,1.4,1.4,12.1,18.7,2.4,1.7,4.1,.117,0.7,-0.5,0.2,1.0,,tysonja01
77,Michael Porter Jr.,27,BRK,SF,52,52,1689,20.0,.595,.506,.237,4.5,21.5,12.6,18.0,1.6,0.7,10.3,30.4,2.0,1.2,3.1,.089,4.3,-1.3,3.0,2.1,,portemi01
78,Kawhi Leonard,34,LAC,SF,52,52,1687,28.2,.627,.350,.346,3.9,18.4,11.4,21.8,3.0,1.3,8.4,33.6,5.4,2.2,7.6,.217,7.4,0.9,8.3,4.4,AS,leonaka01
79,Jake LaRavia,24,LAL,PF,66,33,1680,12.3,.569,.477,.297,6.9,11.0,9.0,9.9,2.3,1.6,11.9,15.0,1.6,1.5,3.1,.089,-1.3,0.1,-1.2,0.3,,laravja01
80,Evan Mobley,24,CLE,PF,52,50,1680,19.3,.587,.278,.345,7.7,21.8,14.7,16.6,1.2,5.4,11.2,22.3,2.6,2.5,5.1,.145,1.6,1.4,3.0,2.1,,mobleev01
81,Derik Queen,21,NOP,C,67,45,1676,15.9,.549,.110,.352,7.1,23.2,15.1,22.3,1.8,3.5,18.1,21.4,0.6,1.8,2.3,.067,-1.4,0.6,-0.7,0.5,,queende01
82,Myles Turner,29,MIL,C,61,61,1676,14.4,.585,.590,.270,4.7,17.3,11.1,7.9,1.2,5.7,10.0,18.7,1.2,1.7,2.9,.083,-0.5,0.0,-0.5,0.6,,turnemy01
83,Chet Holmgren,23,OKC,PF,57,57,1672,21.2,.646,.314,.358,7.4,25.3,16.7,8.8,0.9,6.3,10.7,22.1,3.5,3.8,7.3,.210,2.2,1.6,3.8,2.4,AS,holmgch01
84,Jarace Walker,22,IND,PF,66,31,1671,11.1,.535,.486,.261,2.7,19.7,10.9,13.5,1.6,1.1,14.7,20.5,-1.1,1.4,0.4,.010,-2.3,-0.6,-2.8,-0.4,,walkeja02
85,Stephon Castle,21,SAS,PG,56,55,1671,17.0,.570,.299,.477,4.7,13.2,9.1,33.2,2.0,0.9,17.6,25.0,2.0,2.4,4.4,.126,0.5,0.9,1.4,1.5,,castlst01
86,Noah Clowney,21,BRK,PF,60,54,1669,11.5,.560,.625,.359,3.5,14.4,8.7,9.6,1.3,2.3,12.2,20.3,0.3,0.9,1.2,.035,-1.9,-1.3,-3.2,-0.5,,clownno01
87,Bruce Brown,29,DEN,SG,67,2,1667,10.2,.543,.270,.241,5.4,11.9,8.8,11.2,2.1,0.8,13.8,14.0,0.7,1.4,2.1,.060,-2.9,0.0,-2.9,-0.4,,brownbr01
88,Harrison Barnes,33,SAS,PF,61,49,1638,11.6,.597,.624,.216,3.5,8.1,5.8,10.0,1.2,0.6,9.3,15.0,2.0,1.7,3.7,.108,-0.2,0.0,-0.2,0.7,,barneha02
89,Devin Vassell,25,SAS,SG,53,51,1623,13.0,.571,.568,.172,1.9,11.4,6.7,11.0,1.3,1.2,7.0,18.5,1.6,1.9,3.6,.106,0.1,0.1,0.2,0.9,,vassede01
90,Josh Hart,30,NYK,SF,54,40,1622,15.6,.592,.412,.206,5.4,22.4,13.9,22.9,1.8,1.1,16.4,16.9,2.4,2.5,4.8,.143,0.9,2.1,2.9,2.0,,hartjo01
91,Andrew Nembhard,26,IND,PG,52,52,1621,15.5,.560,.387,.306,1.5,8.5,4.9,36.2,1.4,0.4,13.9,24.0,1.6,0.7,2.3,.069,0.9,-2.0,-1.1,0.4,,nembhan01
92,Kyle Kuzma,30,MIL,PF,60,35,1595,14.3,.581,.334,.278,3.7,15.9,9.9,14.5,1.2,1.4,12.2,21.7,1.0,1.0,2.0,.061,-0.9,-1.3,-2.2,-0.1,,kuzmaky01
93,Davion Mitchell,27,MIA,PG,56,56,1583,12.2,.574,.404,.134,1.5,8.2,4.9,30.3,1.7,0.5,16.5,13.3,2.1,1.7,3.8,.116,-1.4,0.9,-0.5,0.6,,mitchda01
94,Rui Hachimura,27,LAL,PF,54,35,1582,11.3,.617,.462,.111,2.4,10.4,6.5,4.4,0.9,0.9,6.6,15.0,1.7,0.8,2.4,.074,-0.7,-1.6,-2.4,-0.2,,hachiru01
95,LaMelo Ball,24,CHO,PG,57,54,1579,18.8,.533,.568,.138,3.6,15.9,9.8,43.2,2.0,0.7,13.4,32.0,2.3,1.8,4.1,.124,4.0,-0.5,3.4,2.2,,ballla01
96,Ace Bailey,19,UTA,SF,59,48,1577,11.2,.533,.430,.094,6.3,9.9,8.1,9.2,1.5,1.9,10.2,20.1,0.0,0.2,0.2,.005,-1.9,-2.5,-4.4,-0.9,,baileac01
97,Luguentz Dort,26,OKC,SF,56,56,1576,7.8,.514,.708,.112,3.4,11.2,7.5,6.0,1.4,1.5,8.9,14.2,-0.2,2.5,2.3,.071,-3.1,0.6,-2.5,-0.2,,dortlu01
98,Deandre Ayton,27,LAL,C,57,57,1565,18.2,.674,.000,.208,11.0,24.1,17.7,4.7,1.1,3.0,11.6,16.8,3.1,1.7,4.8,.146,-0.1,-0.9,-1.0,0.4,,aytonde01
99,Marcus Smart,31,LAL,SG,55,48,1561,9.8,.544,.604,.269,2.6,8.9,5.8,13.0,2.3,1.3,14.9,15.5,0.3,1.3,1.6,.049,-2.9,0.3,-2.6,-0.2,,smartma01
100,Sion James,23,CHO,SG,67,19,1555,8.1,.541,.617,.312,2.9,13.8,8.5,10.9,1.2,1.2,14.4,10.7,0.9,1.4,2.3,.072,-3.1,0.7,-2.4,-0.1,,jamessi01
101,Sam Hauser,28,BOS,PF,63,35,1555,12.2,.580,.847,.028,3.3,13.9,8.6,8.0,1.2,1.3,5.8,14.9,2.2,1.7,3.9,.120,0.6,0.0,0.6,1.0,,hausesa01
102,Jalen Duren,22,DET,C,56,56,1545,25.8,.671,.000,.500,15.6,26.9,21.3,9.9,1.6,3.2,10.9,23.5,5.3,3.0,8.3,.259,4.2,0.5,4.6,2.6,AS,durenja01
103,Neemias Queta,26,BOS,C,62,61,1544,19.5,.653,.015,.363,13.1,23.5,18.3,8.0,1.7,5.3,12.5,14.9,3.7,2.9,6.6,.205,0.1,1.8,1.9,1.5,,quetane01
104,Keldon Johnson,26,SAS,SF,66,0,1538,17.3,.624,.343,.250,7.8,17.5,12.8,8.4,1.2,0.5,8.0,20.2,3.1,2.0,5.2,.162,1.2,-0.1,1.1,1.2,,johnske04
105,Dillon Brooks,30,PHO,SF,50,50,1530,14.8,.547,.392,.216,2.7,10.7,6.6,9.6,1.7,0.5,8.5,29.0,0.7,1.4,2.1,.067,-0.7,-1.4,-2.1,0.0,,brookdi01
106,Moussa Diabaté,24,CHO,C,59,33,1526,17.6,.653,.007,.502,16.7,21.2,19.0,9.7,1.4,3.6,12.8,11.7,3.9,2.1,6.0,.189,0.5,0.9,1.3,1.3,,diabamo01
107,Ayo Dosunmu,26,2TM,SG,58,10,1521,16.2,.629,.387,.198,2.7,9.0,5.9,19.7,1.4,0.8,10.2,20.1,2.9,0.9,3.8,.119,1.1,-0.7,0.4,0.9,,dosunay01
107,Ayo Dosunmu,26,CHI,SG,45,10,1187,17.2,.636,.397,.216,3.0,9.1,6.1,20.8,1.4,0.9,10.3,21.0,2.4,0.6,3.0,.123,1.7,-0.9,0.8,0.8,,dosunay01
107,Ayo Dosunmu,26,MIN,SG,13,0,334,12.9,.599,.342,.123,1.7,8.4,5.1,15.6,1.6,0.5,9.8,16.8,0.5,0.3,0.7,.105,-0.9,-0.1,-1.0,0.1,,dosunay01
108,Jerami Grant,31,POR,PF,51,32,1515,15.6,.608,.467,.466,3.4,9.4,6.3,11.5,1.1,1.8,12.0,23.9,2.5,1.0,3.5,.110,1.1,-1.2,-0.1,0.7,,grantje01
109,Zion Williamson,25,NOP,PF,51,44,1513,23.1,.633,.006,.561,7.9,13.5,10.7,18.7,1.6,1.8,11.0,26.7,4.1,0.9,5.0,.159,3.7,-0.7,3.0,1.9,,willizi01
110,Kyle Filipowski,22,UTA,C,66,30,1510,15.7,.593,.336,.350,8.9,24.6,16.6,14.8,2.0,2.2,15.2,19.0,1.6,1.1,2.7,.085,-0.8,-0.4,-1.3,0.3,,filipky01
111,Cam Spencer,25,MEM,SG,63,17,1510,17.4,.653,.584,.243,2.4,9.6,6.0,32.2,1.4,0.6,13.1,17.4,4.3,0.8,5.1,.161,3.1,-0.6,2.4,1.7,,spencca01
112,Brandon Miller,23,CHO,SF,50,50,1509,17.0,.570,.492,.225,4.2,14.6,9.5,18.6,1.8,2.4,13.7,29.4,1.1,1.8,2.9,.093,1.5,-0.2,1.3,1.3,,millebr02
113,Moses Moody,23,GSW,SG,59,48,1506,13.4,.603,.682,.203,3.6,10.9,7.2,9.1,1.8,1.9,8.6,18.0,1.7,1.5,3.1,.100,0.2,-0.3,-0.1,0.7,,moodymo01
114,Peyton Watson,23,DEN,SF,49,39,1502,14.4,.600,.338,.331,3.5,14.0,9.0,9.0,1.6,3.6,12.4,20.2,1.0,1.4,2.4,.078,-0.6,-0.5,-1.1,0.4,,watsope01
115,John Collins,28,LAC,PF,54,45,1498,16.2,.653,.337,.215,6.3,15.2,10.9,5.4,1.5,2.7,11.5,19.0,2.3,1.4,3.6,.117,0.2,-0.4,-0.2,0.7,,collijo01
116,Victor Wembanyama,22,SAS,C,51,42,1493,28.2,.625,.329,.446,7.3,32.9,20.4,16.0,1.6,9.0,11.7,31.6,3.4,3.8,7.3,.234,5.5,3.8,9.3,4.3,AS,wembavi01
117,Bobby Portis,30,MIL,PF,62,9,1490,17.0,.596,.395,.088,6.1,23.1,14.7,10.1,1.1,0.8,8.2,22.5,1.6,1.2,2.8,.091,1.6,-1.5,0.1,0.8,,portibo01
118,LeBron James,41,LAL,SF,45,45,1490,20.5,.586,.284,.331,2.7,16.9,10.0,33.4,1.6,1.8,14.4,28.0,2.3,1.4,3.6,.118,3.2,-0.2,3.0,1.9,AS,jamesle01
119,Isaac Okoro,25,CHI,SG,55,55,1480,9.4,.565,.480,.247,4.5,6.3,5.4,7.8,1.2,1.4,8.5,13.6,1.1,0.6,1.7,.056,-3.2,-1.0,-4.2,-0.8,,okorois01
120,P.J. Washington,27,DAL,PF,48,45,1478,12.5,.523,.343,.288,4.8,18.6,11.9,8.8,1.4,3.2,12.2,20.5,-0.7,1.8,1.1,.035,-2.2,0.3,-1.9,0.0,,washipj01
121,Nique Clifford,23,SAC,SG,63,17,1476,8.6,.492,.394,.162,4.2,12.7,8.3,11.8,1.9,1.3,14.9,16.4,-1.1,0.6,-0.5,-0.016,-4.1,-0.9,-5.0,-1.1,,cliffni01
122,Maxime Raynaud,22,SAC,C,59,41,1473,15.3,.601,.094,.219,8.7,24.0,16.1,7.3,0.9,2.0,11.0,17.4,1.7,0.8,2.5,.082,-1.5,-1.5,-3.0,-0.4,,raynama01
123,Norman Powell,32,MIA,SG,49,49,1470,18.2,.614,.459,.358,1.2,11.2,6.2,13.1,1.9,0.7,10.0,27.5,2.2,1.8,3.9,.129,2.2,0.1,2.4,1.6,AS,powelno01
124,Isaiah Collier,21,UTA,PG,57,17,1464,15.0,.571,.196,.408,1.5,9.2,5.3,40.3,2.0,1.2,19.8,20.1,1.6,0.2,1.8,.060,-0.6,-2.0,-2.5,-0.2,,colliis01
125,Draymond Green,35,GSW,PF,54,54,1464,10.3,.539,.624,.157,3.0,19.6,11.2,26.5,1.5,2.1,24.7,16.5,-0.4,1.7,1.4,.045,-2.5,1.1,-1.5,0.2,,greendr01
126,Ausar Thompson,23,DET,SF,57,56,1460,16.5,.545,.048,.348,9.2,16.1,12.7,15.7,3.6,3.3,13.3,17.4,1.3,3.1,4.4,.146,-0.4,3.3,2.9,1.8,,thompau01
127,Jaren Jackson Jr.,26,2TM,C,48,48,1454,15.8,.576,.327,.282,3.1,17.2,10.1,10.3,1.7,4.4,11.7,26.1,0.3,1.6,1.9,.062,-1.0,0.5,-0.5,0.6,,jacksja02
127,Jaren Jackson Jr.,26,MEM,C,45,45,1382,15.4,.574,.328,.279,3.2,17.2,10.1,9.8,1.6,4.5,11.7,25.6,0.2,1.5,1.7,.060,-1.2,0.5,-0.7,0.4,,jacksja02
127,Jaren Jackson Jr.,26,UTA,C,3,3,72,23.5,.598,.306,.327,1.5,18.5,9.8,20.8,3.9,1.4,11.1,36.2,0.1,0.1,0.1,.086,2.4,2.0,4.5,0.1,,jacksja02
128,Jamal Shead,23,TOR,PG,66,7,1451,10.7,.491,.528,.225,1.8,8.3,5.0,30.5,2.1,0.7,16.7,16.1,0.4,1.6,2.0,.066,-2.4,0.1,-2.3,-0.1,,sheadja01
129,Tristan Da Silva,24,ORL,SF,60,23,1446,12.2,.575,.531,.112,3.4,13.8,8.6,8.8,1.9,1.3,9.0,16.1,1.0,1.7,2.7,.088,-0.5,0.4,-0.2,0.6,,dasiltr01
130,Lauri Markkanen,28,UTA,PF,42,42,1443,21.4,.608,.402,.333,6.2,15.7,10.9,10.3,1.4,1.4,6.4,28.2,3.4,0.3,3.7,.123,4.7,-2.1,2.6,1.6,,markkla01
131,Shaedon Sharpe,22,POR,SG,48,42,1439,15.5,.550,.351,.229,3.5,12.5,7.9,15.1,2.2,0.4,13.4,30.3,-0.2,1.3,1.1,.036,-0.2,-1.1,-1.3,0.3,,sharpsh01
132,Brice Sensabaugh,22,UTA,SF,64,13,1437,13.9,.580,.535,.236,3.7,10.9,7.2,11.3,1.5,0.6,10.4,23.7,1.0,0.1,1.0,.034,-0.1,-2.9,-3.0,-0.4,,sensabr01
133,Josh Giddey,23,CHI,PG,45,42,1436,18.9,.574,.379,.332,4.3,23.5,14.1,40.9,1.5,1.0,18.9,25.4,1.6,1.4,3.0,.101,2.7,0.4,3.1,1.8,,giddejo01
134,Dennis Schröder,32,2TM,PG,56,16,1426,12.9,.523,.377,.313,1.8,10.7,6.1,27.6,1.6,0.6,14.5,21.7,0.4,0.6,1.0,.033,-0.8,-1.3,-2.2,-0.1,,schrode01
134,Dennis Schröder,32,SAC,PG,40,14,1056,13.7,.531,.393,.315,2.2,10.9,6.4,28.7,1.5,0.5,14.1,22.5,0.5,0.2,0.6,.029,-0.1,-1.9,-1.9,0.0,,schrode01
134,Dennis Schröder,32,CLE,PG,16,2,370,10.8,.496,.323,.307,0.6,10.1,5.3,24.3,2.1,1.0,15.8,19.4,0.0,0.4,0.4,.045,-3.0,0.2,-2.8,-0.1,,schrode01
135,Pelle Larsson,24,MIA,SG,56,43,1420,13.2,.598,.358,.377,3.4,10.4,6.9,17.7,1.2,0.9,11.9,16.2,2.1,1.5,3.6,.121,-1.0,0.5,-0.4,0.6,,larsspe01
136,Oso Ighodaro,23,PHO,PF,67,13,1411,13.1,.630,.004,.324,7.9,17.6,12.6,13.3,2.1,2.9,20.7,12.1,1.3,2.0,3.3,.113,-2.7,2.2,-0.5,0.5,,ighodos01
137,Sandro Mamukelashvili,26,TOR,C,64,12,1409,17.4,.627,.468,.241,7.0,18.2,12.5,12.3,1.6,2.5,8.6,18.3,2.8,2.0,4.7,.161,1.6,0.6,2.2,1.5,,mamuksa01
138,Jarrett Allen,27,CLE,C,51,51,1405,21.8,.670,.021,.476,10.4,23.4,16.9,10.2,1.7,2.9,10.6,19.4,3.9,2.1,6.0,.206,2.1,0.6,2.7,1.7,,allenja01
139,Kel'el Ware,21,MIA,C,62,30,1404,20.2,.612,.338,.155,14.0,28.5,21.3,3.4,1.8,4.4,8.6,18.1,2.5,2.8,5.4,.184,1.9,0.3,2.2,1.5,,wareke01
140,Kyshawn George,22,WAS,SF,48,48,1391,13.9,.559,.451,.227,3.2,15.6,9.4,22.6,1.6,2.7,16.5,22.8,0.2,0.6,0.8,.028,-0.6,-0.7,-1.3,0.3,,georgky01
141,Jay Huff,27,IND,C,67,41,1386,15.4,.590,.623,.167,4.7,16.2,10.2,9.7,1.2,8.0,9.7,18.0,1.1,1.7,2.7,.094,-0.9,1.4,0.6,0.9,,huffja01
142,Tobias Harris,33,DET,PF,49,49,1382,13.9,.559,.356,.241,3.5,16.6,10.1,10.7,1.6,1.1,8.2,18.7,1.6,2.1,3.7,.128,-0.2,0.5,0.4,0.8,,harrito02
143,Terance Mann,29,BRK,SG,56,46,1379,10.9,.572,.407,.228,5.2,10.1,7.5,19.4,1.3,0.9,14.2,13.5,1.5,0.5,1.9,.067,-2.3,-0.7,-3.0,-0.3,,mannte01
144,Vít Krejčí,25,2TM,PG,63,8,1374,11.1,.609,.767,.121,2.4,9.2,5.8,9.8,1.6,1.2,8.3,14.5,1.5,1.1,2.6,.092,-1.6,-0.2,-1.8,0.1,,krejcvi01
144,Vít Krejčí,25,ATL,PG,46,8,1028,11.3,.639,.776,.117,2.0,8.3,5.1,8.7,1.7,1.1,8.5,14.3,1.2,0.9,2.1,.096,-1.4,-0.2,-1.5,0.1,,krejcvi01
144,Vít Krejčí,25,POR,PG,17,0,346,10.7,.527,.741,.134,3.7,12.1,7.8,12.9,1.4,1.3,7.8,15.1,0.3,0.3,0.6,.080,-2.2,-0.3,-2.5,0.0,,krejcvi01
145,Ivica Zubac,28,2TM,C,45,44,1373,18.8,.634,.000,.302,13.1,27.7,20.6,11.4,0.6,2.5,14.3,18.9,2.6,1.5,4.1,.144,0.9,-0.7,0.2,0.8,,zubaciv01
145,Ivica Zubac,28,LAC,C,43,42,1328,18.9,.635,.000,.308,13.4,27.7,20.8,11.4,0.6,2.6,14.4,19.0,2.6,1.4,4.0,.146,0.9,-0.8,0.2,0.7,,zubaciv01
145,Ivica Zubac,28,IND,C,2,2,45,15.3,.598,.000,.133,4.6,29.9,16.8,10.6,1.1,1.9,11.2,16.8,0.0,0.0,0.1,.076,-0.4,1.5,1.1,0.0,,zubaciv01
146,Anfernee Simons,26,2TM,SG,55,5,1372,14.6,.576,.585,.119,2.5,8.2,5.4,14.6,1.0,0.6,9.1,23.6,1.8,1.0,2.9,.100,1.2,-1.4,-0.2,0.7,,simonan01
146,Anfernee Simons,26,BOS,SG,49,0,1202,15.2,.579,.579,.127,2.4,8.3,5.4,14.5,1.1,0.5,8.4,23.6,1.9,1.0,2.9,.116,1.6,-1.1,0.5,0.8,,simonan01
146,Anfernee Simons,26,CHI,SG,6,5,170,10.3,.554,.625,.063,3.2,7.4,5.3,15.8,0.0,1.0,13.7,23.6,-0.1,0.0,-0.1,-0.014,-1.3,-3.8,-5.1,-0.1,,simonan01
147,Cedric Coward,22,MEM,SG,52,37,1355,14.7,.580,.424,.250,5.9,20.3,13.0,15.8,1.1,1.5,13.7,21.0,1.1,1.2,2.3,.080,0.1,-0.4,-0.3,0.6,,cowarce01
148,Austin Reaves,27,LAL,SG,40,34,1349,21.5,.653,.429,.483,2.3,13.9,8.3,25.0,1.6,1.0,14.1,27.4,3.7,1.0,4.7,.167,4.1,-0.7,3.4,1.8,,reaveau01
149,Tre Jones,26,CHI,PG,50,26,1348,17.8,.631,.211,.368,2.4,8.8,5.7,29.0,2.1,0.6,11.3,17.9,3.5,0.9,4.3,.154,0.7,0.2,0.9,1.0,,jonestr01
150,Dominick Barlow,22,PHI,PF,55,48,1334,13.3,.593,.219,.309,8.7,12.5,10.6,6.4,1.9,2.5,10.4,13.4,1.7,1.2,2.9,.105,-1.3,0.0,-1.2,0.2,,barlodo01
151,Kelly Oubre Jr.,30,PHI,SF,41,36,1330,13.1,.581,.448,.299,3.3,13.4,8.3,7.7,2.0,1.6,10.2,18.4,1.0,1.2,2.2,.080,-1.1,-0.5,-1.6,0.1,,oubreke01
152,Jock Landale,30,2TM,C,59,26,1323,16.7,.593,.350,.236,13.7,14.8,14.2,10.4,1.1,2.1,9.1,18.6,2.4,1.0,3.5,.126,0.9,-1.2,-0.2,0.6,,landajo01
152,Jock Landale,30,MEM,C,45,25,1060,16.9,.594,.332,.229,14.3,15.5,14.9,10.4,1.1,1.9,9.7,18.5,2.0,0.8,2.8,.126,1.1,-1.2,-0.1,0.5,,landajo01
152,Jock Landale,30,ATL,C,14,1,263,16.0,.589,.424,.263,11.3,12.0,11.7,10.2,0.9,2.7,6.8,18.8,0.5,0.2,0.7,.129,0.4,-1.2,-0.7,0.1,,landajo01
153,Mark Williams,24,PHO,C,56,52,1322,21.8,.670,.002,.396,14.1,24.0,18.9,6.5,1.9,3.6,10.9,17.4,3.7,2.1,5.9,.213,1.4,0.4,1.8,1.3,,willima07
154,Precious Achiuwa,26,SAC,C,59,43,1318,15.7,.558,.165,.210,10.3,20.5,15.3,8.5,1.9,2.6,8.1,16.2,1.4,1.0,2.4,.087,-0.7,-0.6,-1.2,0.3,,achiupr01
155,Luke Kennard,29,2TM,SG,62,1,1309,13.7,.710,.585,.138,2.0,9.6,5.8,12.9,1.6,0.6,11.1,13.4,2.5,1.0,3.5,.130,0.2,0.1,0.3,0.8,,kennalu01
155,Luke Kennard,29,ATL,SG,46,0,944,13.5,.713,.621,.146,2.1,9.2,5.6,13.4,1.6,0.5,11.1,12.7,1.8,0.8,2.6,.132,0.2,0.2,0.3,0.6,,kennalu01
155,Luke Kennard,29,LAL,SG,16,1,365,14.3,.705,.505,.121,1.6,10.6,6.2,11.6,1.3,0.8,11.0,15.1,0.7,0.2,0.9,.124,0.3,-0.2,0.1,0.2,,kennalu01
156,Egor Dёmin,19,BRK,PG,52,45,1308,11.4,.561,.717,.145,1.8,13.4,7.3,20.5,1.6,1.2,15.3,18.8,0.2,0.7,0.9,.033,-0.8,-0.8,-1.5,0.1,,demineg01
157,Herbert Jones,27,NOP,SF,45,45,1303,9.2,.486,.533,.141,3.4,10.1,6.7,12.6,2.8,1.5,12.7,15.2,-0.4,1.0,0.6,.022,-3.8,0.6,-3.2,-0.4,,joneshe01
158,Bennedict Mathurin,23,2TM,SF,42,25,1302,14.5,.576,.370,.450,3.6,16.8,10.1,11.5,1.2,0.7,12.1,25.3,0.7,0.9,1.6,.059,-1.1,-1.5,-2.6,-0.2,,mathube01
158,Bennedict Mathurin,23,IND,SF,28,24,891,12.8,.589,.436,.408,2.6,16.2,9.2,10.8,0.9,0.4,13.2,23.1,0.3,0.5,0.8,.043,-1.1,-1.8,-2.8,-0.2,,mathube01
158,Bennedict Mathurin,23,LAC,SF,14,1,411,18.3,.554,.255,.525,5.9,17.9,12.1,13.0,1.9,1.4,10.4,30.2,0.4,0.4,0.8,.092,-1.2,-1.0,-2.2,0.0,,mathube01
159,Klay Thompson,35,DAL,SF,59,8,1293,11.3,.537,.721,.064,1.4,9.4,5.5,9.2,1.1,1.0,8.0,22.8,-0.4,0.9,0.5,.019,-0.1,-1.4,-1.5,0.2,,thompkl01
160,Brandon Williams,26,DAL,PG,58,15,1291,16.7,.569,.257,.461,2.3,11.7,7.1,25.8,1.9,1.2,14.4,25.3,0.9,1.3,2.2,.081,0.1,0.3,0.3,0.8,,willibr03
161,Grayson Allen,30,PHO,SG,43,26,1291,16.5,.571,.682,.243,2.5,8.8,5.5,21.0,2.3,0.9,10.0,23.8,2.2,1.3,3.5,.132,2.2,0.1,2.3,1.4,,allengr01
162,Isaiah Stewart,24,DET,C,55,13,1273,15.1,.626,.303,.324,8.1,16.3,12.2,7.1,0.6,7.1,12.5,16.4,1.9,2.0,3.9,.148,-1.0,1.1,0.0,0.7,,stewais01
163,Isaiah Joe,26,OKC,SG,58,9,1270,14.9,.641,.782,.250,2.5,10.2,6.5,9.0,1.6,0.8,6.6,18.0,2.5,2.0,4.5,.170,1.5,0.5,2.0,1.3,,joeis01
164,Ron Holland,20,DET,SF,62,5,1269,12.2,.528,.371,.299,6.6,16.7,11.7,8.6,2.8,1.6,14.0,19.1,0.1,2.4,2.4,.091,-2.9,1.3,-1.7,0.1,,hollaro01
165,RJ Barrett,25,TOR,SF,42,42,1262,17.1,.582,.357,.338,3.4,17.2,10.2,17.3,1.3,1.0,9.3,25.3,1.5,1.5,3.0,.114,1.3,-0.5,0.8,0.9,,barrerj01
166,Sidy Cissoko,21,POR,SF,60,24,1261,7.6,.528,.597,.257,4.5,7.8,6.2,9.3,1.8,1.6,15.5,12.8,0.1,1.0,1.1,.041,-4.2,0.3,-4.0,-0.6,,cissosi01
167,Jordan Goodwin,27,PHO,PG,57,4,1256,14.8,.521,.530,.095,9.2,14.3,11.7,14.2,3.2,0.9,10.1,18.1,1.2,1.8,3.0,.115,0.4,1.2,1.6,1.1,,goodwjo01
168,Zaccharie Risacher,20,ATL,SF,52,45,1255,11.2,.540,.479,.155,4.7,12.5,8.5,7.2,1.8,2.1,8.7,17.8,0.0,1.4,1.4,.054,-2.6,-0.5,-3.1,-0.3,,risacza01
169,Tre Johnson,19,WAS,SG,52,34,1252,11.7,.552,.500,.147,2.3,10.5,6.3,12.4,1.2,1.3,12.0,22.2,-0.1,0.0,0.0,-0.001,-1.3,-2.6,-3.9,-0.6,,johnstr03
170,Spencer Jones,24,DEN,SF,55,35,1251,9.6,.620,.567,.197,6.0,9.8,8.0,4.7,1.8,1.9,9.5,9.9,1.4,1.0,2.3,.089,-2.3,-0.1,-2.4,-0.1,,jonessp01
171,Cameron Johnson,29,DEN,SF,41,41,1240,11.6,.602,.514,.257,3.0,10.6,7.0,10.3,1.0,1.1,8.3,14.8,1.7,0.6,2.3,.089,-0.6,-1.2,-1.7,0.1,,johnsca02
172,Collin Sexton,27,2TM,SG,54,15,1239,17.1,.620,.383,.345,2.3,7.2,4.8,23.2,2.0,0.6,15.4,25.6,2.0,1.0,3.0,.115,1.1,-0.6,0.6,0.8,,sextoco01
172,Collin Sexton,27,CHO,SG,42,12,938,17.7,.619,.350,.372,2.2,7.3,4.8,26.6,1.9,0.7,15.6,25.7,1.8,0.8,2.7,.136,1.6,-0.5,1.1,0.7,,sextoco01
172,Collin Sexton,27,CHI,SG,12,3,301,15.2,.625,.482,.266,2.5,6.6,4.6,12.9,2.5,0.3,14.8,25.5,0.1,0.2,0.3,.052,-0.4,-0.6,-1.0,0.1,,sextoco01
173,Zach LaVine,30,SAC,SG,39,37,1224,14.8,.614,.464,.260,0.7,9.4,4.9,11.3,1.1,0.7,10.8,23.7,1.2,0.1,1.3,.051,0.6,-2.2,-1.6,0.1,,lavinza01
174,Stephen Curry,37,GSW,PG,39,39,1222,22.7,.636,.602,.274,1.4,11.1,6.2,27.3,1.7,1.2,11.7,32.7,2.8,1.1,3.9,.154,6.3,-1.0,5.3,2.3,AS,curryst01
175,Dylan Harper,19,SAS,SG,55,0,1219,15.3,.552,.268,.205,3.2,12.5,8.0,24.8,1.8,1.2,12.3,22.0,1.1,1.7,2.8,.109,-0.5,1.1,0.6,0.8,,harpedy01
176,Kevin Huerter,27,2TM,SF,55,11,1218,13.1,.548,.553,.132,2.6,14.6,8.7,15.8,1.6,2.3,9.6,19.0,0.6,1.1,1.7,.069,-1.1,0.1,-0.9,0.3,,huertke01
176,Kevin Huerter,27,CHI,SF,44,11,1037,13.3,.559,.552,.139,2.4,14.8,8.7,16.0,1.6,2.2,10.3,19.4,0.5,0.9,1.3,.062,-1.1,0.0,-1.0,0.3,,huertke01
176,Kevin Huerter,27,DET,SG,11,0,181,12.2,.481,.561,.091,3.7,13.3,8.6,14.7,1.9,3.3,5.5,16.6,0.1,0.3,0.4,.107,-1.4,0.8,-0.6,0.1,,huertke01
177,Alex Sarr,20,WAS,C,44,44,1217,20.7,.560,.217,.228,8.7,20.5,14.5,15.7,1.4,6.5,9.8,25.6,1.2,0.9,2.1,.084,1.8,-0.1,1.6,1.1,,sarral01
178,Aaron Wiggins,27,OKC,SG,52,18,1213,12.0,.539,.507,.148,3.3,11.9,7.8,10.8,2.0,2.1,12.2,19.9,-0.3,2.2,1.9,.074,-1.3,0.7,-0.6,0.4,,wiggiaa01
179,Ben Sheppard,24,IND,SG,56,19,1210,9.2,.544,.614,.134,3.1,12.5,7.6,11.7,1.3,0.3,9.4,13.8,0.5,0.6,1.1,.043,-2.8,-0.6,-3.4,-0.5,,sheppbe01
180,Javonte Green,32,DET,SG,66,5,1199,13.4,.590,.576,.307,5.0,11.9,8.5,4.9,3.5,1.7,9.8,14.8,1.3,2.2,3.5,.141,-0.9,2.3,1.4,1.0,,greenja02
181,Santi Aldama,25,MEM,PF,43,11,1198,16.4,.572,.420,.239,6.0,20.0,12.9,15.5,1.5,2.4,9.5,20.1,1.4,1.2,2.6,.105,1.3,0.5,1.8,1.2,,aldamsa01
182,Kevin Porter Jr.,25,MIL,PG,36,34,1198,18.3,.562,.282,.296,3.0,14.4,8.8,33.0,3.3,1.3,16.2,24.2,1.2,1.4,2.5,.102,0.5,1.2,1.8,1.1,,porteke02
183,Ryan Kalkbrenner,24,CHO,C,54,30,1197,18.4,.747,.012,.404,13.4,16.5,15.0,5.1,1.2,6.2,14.3,11.9,2.9,1.6,4.6,.183,0.7,1.1,1.9,1.2,,kalkbry01
184,Brook Lopez,37,LAC,C,59,24,1196,11.7,.548,.615,.118,2.6,15.0,9.0,8.0,1.5,4.8,9.9,17.3,0.2,1.3,1.5,.059,-1.6,0.4,-1.2,0.3,,lopezbr01
185,Bilal Coulibaly,21,WAS,SG,45,45,1195,12.3,.519,.404,.347,3.3,14.2,8.7,13.7,2.5,3.0,12.4,18.6,0.0,0.7,0.7,.027,-2.6,-0.2,-2.8,-0.2,,coulibi01
186,Khris Middleton,34,2TM,SF,49,44,1190,12.2,.547,.326,.268,4.0,12.8,8.4,18.3,1.4,0.7,14.5,20.6,0.3,0.4,0.7,.029,-2.0,-1.4,-3.4,-0.4,,middlkh01
186,Khris Middleton,34,WAS,SF,34,34,827,11.5,.531,.330,.230,3.8,13.5,8.6,19.0,1.5,1.0,14.7,19.5,0.1,0.2,0.2,.014,-2.6,-1.4,-4.0,-0.4,,middlkh01
186,Khris Middleton,34,DAL,SF,15,10,363,13.7,.578,.318,.345,4.5,11.1,7.9,16.6,1.0,0.0,14.1,23.0,0.2,0.2,0.5,.064,-0.8,-1.3,-2.1,0.0,,middlkh01
187,Luke Kornet,30,SAS,C,56,23,1189,18.1,.690,.000,.410,14.5,16.5,15.5,11.3,1.0,4.5,8.5,10.5,3.9,1.8,5.7,.230,1.6,2.0,3.5,1.7,,kornelu01
188,Ajay Mitchell,23,OKC,SG,45,10,1188,17.5,.594,.299,.288,2.9,10.9,7.1,20.4,2.5,1.2,11.3,22.3,1.8,2.2,4.0,.162,0.6,1.6,2.2,1.2,,mitchaj01
189,Jimmy Butler,36,GSW,SF,38,38,1182,23.6,.646,.184,.621,8.0,11.6,9.8,24.1,2.2,0.6,9.3,23.2,4.7,1.2,5.9,.238,5.0,0.5,5.5,2.3,,butleji01
190,Josh Okogie,27,HOU,SG,63,29,1177,10.0,.556,.558,.227,6.6,9.5,8.0,5.9,2.3,1.0,11.2,11.5,1.0,1.3,2.3,.094,-2.3,0.9,-1.4,0.2,,okogijo01
191,De'Andre Hunter,28,2TM,SF,45,25,1176,11.5,.545,.491,.285,2.8,14.5,8.6,10.7,1.2,0.5,11.7,22.8,0.1,1.0,1.2,.049,-2.4,-1.4,-3.9,-0.6,,huntede01
191,De'Andre Hunter,28,CLE,SF,43,23,1125,12.1,.553,.492,.284,2.8,14.9,8.9,11.1,1.3,0.5,11.6,22.9,0.4,1.1,1.4,.061,-2.1,-1.2,-3.3,-0.4,,huntede01
191,De'Andre Hunter,28,SAC,SF,2,2,51,-3.4,.347,.474,.316,2.1,4.5,3.3,2.5,0.0,0.0,15.6,21.4,-0.2,0.0,-0.2,-0.225,-11.0,-5.5,-16.5,-0.2,,huntede01
192,Malik Monk,27,SAC,SG,53,0,1165,14.0,.566,.492,.164,1.3,8.7,4.9,18.5,1.3,1.5,11.3,24.2,0.5,0.2,0.7,.029,0.5,-2.1,-1.6,0.1,,monkma01
193,Dean Wade,29,CLE,PF,52,31,1165,10.9,.579,.720,.156,4.2,16.5,10.4,8.4,1.7,1.8,5.5,9.9,1.5,1.4,2.9,.118,-0.9,1.3,0.4,0.7,,wadede01
194,Gary Trent Jr.,27,MIL,SG,55,17,1161,7.7,.528,.735,.115,0.7,4.8,2.8,8.1,1.2,0.3,7.1,16.1,-0.1,0.2,0.1,.006,-3.3,-2.0,-5.2,-1.0,,trentga02
195,Day'Ron Sharpe,24,BRK,C,62,7,1160,20.6,.638,.110,.427,16.4,25.4,20.7,20.9,2.9,2.1,20.0,19.9,2.1,1.4,3.5,.145,0.6,0.9,1.5,1.0,,sharpda01
196,Jose Alvarado,27,2TM,PG,57,0,1160,11.6,.539,.675,.098,1.9,11.7,6.8,21.5,2.3,0.5,13.7,16.1,0.8,0.9,1.6,.068,-1.7,0.2,-1.5,0.1,,alvarjo01
196,Jose Alvarado,27,NOP,PG,41,0,896,11.2,.558,.689,.086,1.9,11.9,6.9,19.3,2.0,0.4,13.9,15.7,0.6,0.5,1.0,.056,-1.5,-0.6,-2.1,0.0,,alvarjo01
196,Jose Alvarado,27,NYK,PG,16,0,264,12.8,.483,.629,.135,2.1,10.9,6.5,29.1,3.4,0.8,12.9,17.4,0.2,0.4,0.6,.109,-2.2,2.7,0.5,0.2,,alvarjo01
197,Nicolas Batum,37,LAC,PF,63,5,1157,8.1,.598,.957,.052,2.1,13.4,7.9,6.6,1.8,1.7,14.0,9.6,0.4,1.0,1.4,.060,-1.8,0.7,-1.1,0.3,,batumni01
198,Cody Williams,21,UTA,SG,53,27,1153,8.5,.524,.295,.199,4.6,9.1,6.8,8.4,1.4,2.0,11.8,13.4,0.0,0.1,0.1,.004,-3.6,-1.7,-5.4,-1.0,,willico04
199,Tari Eason,24,HOU,PF,44,30,1152,13.3,.527,.463,.093,8.4,18.1,13.3,8.6,2.4,1.8,12.6,18.6,0.5,1.7,2.3,.094,-1.3,0.5,-0.9,0.3,,easonta01
200,Ryan Dunn,23,PHO,SF,59,14,1145,10.9,.514,.468,.130,7.8,15.5,11.6,9.9,2.1,2.0,12.6,13.8,0.4,1.5,1.9,.080,-2.5,0.9,-1.6,0.1,,dunnry01
201,Kobe Sanders,23,LAC,SG,55,16,1140,8.8,.581,.492,.172,2.9,10.7,6.9,11.1,1.4,0.6,17.6,15.7,0.0,0.7,0.7,.031,-3.1,-0.7,-3.8,-0.5,,sandeko01
202,Aaron Nesmith,26,IND,SF,38,35,1128,10.3,.522,.537,.227,4.1,12.2,8.0,10.2,1.0,1.6,9.5,19.7,-0.2,0.6,0.4,.019,-2.3,-1.4,-3.6,-0.5,,nesmiaa01
203,Svi Mykhailiuk,28,UTA,SF,48,41,1123,11.2,.623,.652,.083,3.2,8.3,5.7,11.2,1.0,0.3,10.0,14.4,1.3,-0.2,1.1,.047,0.0,-2.0,-1.9,0.0,,mykhasv01
204,Justin Champagnie,24,WAS,SF,58,15,1117,17.6,.596,.360,.230,11.8,19.0,15.4,8.3,2.1,2.9,8.7,16.3,2.0,0.7,2.8,.119,0.8,-0.9,-0.1,0.5,,champju01
205,Keon Ellis,26,2TM,SG,58,6,1117,10.9,.575,.688,.164,2.4,7.5,4.9,5.8,3.0,3.4,8.7,13.0,0.6,1.0,1.6,.067,-1.7,1.7,0.0,0.6,,elliske01
205,Keon Ellis,26,SAC,SG,43,5,758,9.1,.536,.689,.153,2.1,6.1,4.0,4.6,2.9,2.6,8.6,13.7,0.0,0.4,0.4,.025,-2.9,0.8,-2.0,0.0,,elliske01
205,Keon Ellis,26,CLE,SG,15,1,359,14.5,.672,.687,.193,3.0,10.4,6.7,8.3,3.1,5.0,9.1,11.6,0.6,0.6,1.2,.154,0.8,3.5,4.3,0.6,,elliske01
206,Jalen Suggs,24,ORL,PG,42,41,1116,17.1,.571,.540,.218,2.7,13.0,7.8,30.2,3.5,2.6,17.1,23.8,0.6,1.9,2.5,.105,1.1,2.2,3.3,1.5,,suggsja01
207,Patrick Williams,24,CHI,PF,57,4,1114,8.6,.504,.561,.142,4.1,11.6,7.9,9.3,1.5,1.6,12.8,16.9,-0.7,0.7,0.0,.002,-3.0,-1.2,-4.2,-0.6,,willipa01
208,Will Richard,23,GSW,SG,56,17,1104,12.0,.599,.604,.171,5.7,8.8,7.2,9.9,3.0,0.6,12.3,14.0,1.1,1.2,2.3,.100,-2.2,1.0,-1.1,0.2,,richawi02
209,Jrue Holiday,35,POR,PG,38,36,1102,17.8,.590,.488,.159,5.0,11.7,8.3,34.4,1.9,0.4,16.9,23.8,1.8,0.9,2.7,.117,3.1,-0.8,2.4,1.2,,holidjr01
210,Dru Smith,28,MIA,SG,64,1,1092,14.6,.535,.399,.325,5.3,10.4,7.8,19.8,4.2,1.6,13.2,15.2,1.1,2.0,3.1,.137,-1.4,3.9,2.5,1.2,,smithdr01
211,Walter Clayton,22,2TM,PG,56,2,1089,10.3,.519,.523,.263,1.5,9.6,5.5,26.5,1.7,1.3,17.9,17.9,0.1,0.3,0.4,.016,-2.4,-1.6,-4.1,-0.6,,claytwa01
211,Walter Clayton,22,UTA,PG,45,0,811,10.5,.540,.559,.242,2.0,10.0,5.9,23.8,1.4,1.5,16.8,17.3,0.3,0.0,0.4,.021,-1.8,-1.4,-3.2,-0.2,,claytwa01
211,Walter Clayton,22,MEM,PG,11,2,278,9.6,.462,.422,.322,0.0,8.6,4.3,34.3,2.4,0.7,20.8,19.3,-0.2,0.2,0.0,.000,-4.4,-2.3,-6.6,-0.3,,claytwa01
212,Kentavious Caldwell-Pope,32,MEM,SG,51,14,1088,11.0,.533,.475,.219,2.0,10.5,6.2,17.5,1.9,0.7,13.2,17.6,0.3,0.8,1.0,.045,-2.3,-0.2,-2.4,-0.1,,caldwke01
213,Sam Merrill,29,CLE,SG,42,30,1086,13.7,.663,.794,.132,2.6,7.4,5.0,12.1,1.1,0.4,8.2,16.9,2.3,0.7,3.0,.134,1.4,-1.0,0.4,0.7,,merrisa01
214,Quinten Post,25,GSW,PF,63,33,1084,12.9,.555,.631,.100,6.4,19.7,12.9,11.7,1.2,2.5,10.6,18.8,0.6,1.2,1.8,.081,-1.1,-0.1,-1.2,0.2,,postqu01
215,Jusuf Nurkić,31,UTA,C,41,36,1083,16.6,.548,.198,.316,10.5,32.6,21.4,25.8,2.3,2.0,19.9,19.4,0.5,1.1,1.6,.071,-0.4,1.5,1.1,0.9,,nurkiju01
216,Will Riley,19,WAS,SF,57,6,1082,11.7,.543,.396,.284,4.5,9.8,7.1,11.8,1.6,0.5,12.1,19.4,0.2,0.0,0.3,.013,-2.1,-2.4,-4.5,-0.7,,rileywi01
217,Danny Wolf,21,BRK,PF,52,10,1078,12.7,.523,.485,.249,5.6,22.3,13.6,17.2,1.3,2.5,12.7,20.4,0.1,0.8,0.9,.040,-1.9,-0.4,-2.3,-0.1,,wolfda01
218,Jaylin Williams,23,OKC,PF,52,11,1066,13.6,.588,.715,.268,3.0,25.2,14.5,16.4,1.2,3.2,15.3,16.0,0.9,2.3,3.2,.145,-0.3,2.5,2.2,1.1,,willija07
219,Ja'Kobe Walter,21,TOR,SG,56,11,1063,10.5,.565,.645,.212,4.3,9.7,6.9,7.5,2.5,0.8,8.3,14.1,0.8,1.3,2.1,.096,-2.5,1.1,-1.4,0.2,,walteja01
220,Ziaire Williams,24,BRK,SF,46,5,1056,11.9,.580,.655,.295,2.7,10.0,6.2,6.7,2.6,1.7,10.6,17.8,0.5,0.8,1.2,.057,-2.0,0.0,-2.0,0.0,,willizi02
221,Collin Murray-Boyles,20,TOR,PF,47,22,1046,15.2,.605,.177,.266,12.0,13.0,12.5,12.2,2.1,3.8,14.4,14.5,1.5,1.5,3.0,.139,-0.8,1.4,0.7,0.7,,murraco01
222,Baylor Scheierman,25,BOS,SG,61,17,1040,11.3,.613,.723,.077,4.2,16.8,10.6,9.8,1.6,0.5,12.3,11.6,1.3,1.3,2.7,.122,-1.2,1.4,0.2,0.6,,scheiba01
223,Daniel Gafford,27,DAL,C,48,38,1040,18.0,.676,.000,.451,11.9,21.3,16.7,6.8,1.7,4.9,15.8,15.3,1.8,1.6,3.4,.159,-1.1,1.5,0.4,0.6,,gaffoda01
224,Jordan Clarkson,33,NYK,SG,58,1,1036,11.1,.546,.462,.183,4.9,5.7,5.3,10.2,1.1,0.9,10.8,21.7,0.5,0.9,1.3,.061,-2.0,-1.6,-3.7,-0.4,,clarkjo01
225,Yves Missi,21,NOP,C,55,8,1036,15.2,.553,.004,.331,15.8,16.1,15.9,7.9,0.9,7.1,13.0,12.7,1.3,0.8,2.2,.101,-1.4,-0.6,-2.0,0.0,,missiyv01
226,Joel Embiid,31,PHI,C,33,33,1029,24.9,.606,.220,.470,7.1,20.0,13.4,22.5,1.0,3.2,11.9,33.8,2.4,1.0,3.4,.160,5.0,-0.4,4.6,1.7,,embiijo01
227,Kris Murray,25,POR,SF,43,15,1026,9.2,.524,.430,.210,7.6,9.5,8.6,6.3,2.0,1.6,13.0,10.6,0.5,0.9,1.3,.062,-2.7,0.6,-2.1,0.0,,murrakr01
228,Craig Porter Jr.,25,CLE,PG,58,2,1024,13.7,.516,.355,.154,8.1,12.6,10.3,23.0,2.6,2.9,17.8,12.4,1.1,1.4,2.5,.117,0.0,2.2,2.2,1.1,,portecr01
229,Jalen Smith,25,CHI,C,49,17,1019,16.9,.599,.543,.231,9.9,25.3,17.7,8.7,1.1,3.3,9.9,19.2,1.4,1.1,2.5,.119,0.4,-0.9,-0.5,0.4,,smithja04
230,Giannis Antetokounmpo,31,MIL,PF,35,35,1016,32.4,.661,.078,.597,10.3,26.8,18.7,37.3,1.6,2.4,13.5,36.6,3.7,1.2,5.0,.234,7.6,1.9,9.4,2.9,AS,antetgi01
231,Simone Fontecchio,30,MIA,SF,60,5,1012,13.2,.560,.699,.218,4.9,14.1,9.5,11.5,1.5,0.8,9.1,19.9,0.9,1.2,2.2,.103,0.2,0.0,0.2,0.6,,fontesi01
232,Gui Santos,23,GSW,PF,55,19,1011,14.0,.601,.519,.205,6.3,15.7,10.9,15.7,2.2,1.8,15.8,17.4,0.9,1.2,2.1,.099,-0.9,0.8,-0.1,0.5,,santogu01
233,Caleb Love,24,POR,SG,45,1,999,11.0,.500,.598,.101,2.7,9.8,6.2,18.5,1.3,0.4,10.7,23.0,0.0,0.6,0.5,.026,-1.2,-1.7,-2.9,-0.2,,loveca01
234,Jordan Walsh,21,BOS,PF,58,20,998,13.6,.636,.443,.217,8.6,17.3,13.0,5.7,2.1,2.4,11.7,11.9,1.6,1.5,3.2,.153,-1.3,1.4,0.1,0.5,,walshjo01
235,Landry Shamet,28,NYK,SG,43,11,995,12.0,.617,.730,.225,2.0,6.9,4.4,8.8,1.1,0.8,6.7,15.9,1.6,0.9,2.5,.120,0.2,0.2,0.3,0.6,,shamela01
236,Christian Braun,24,DEN,SG,31,31,987,11.5,.576,.372,.295,5.9,11.6,8.9,12.1,1.0,0.9,11.0,14.4,1.2,0.5,1.7,.082,-0.8,-0.9,-1.7,0.1,,braunch01
237,Daniss Jenkins,24,DET,PG,57,8,986,12.3,.506,.352,.253,3.5,8.5,6.0,23.9,2.5,1.0,15.1,21.0,0.1,1.4,1.6,.077,-1.9,0.5,-1.4,0.1,,jenkida01
238,Marvin Bagley III,26,2TM,PF,49,10,985,19.8,.647,.085,.375,13.5,19.2,16.4,10.8,1.1,3.3,12.1,18.6,2.3,0.6,2.9,.141,1.4,-1.1,0.3,0.6,,baglema01
238,Marvin Bagley III,26,WAS,PF,38,8,731,20.6,.667,.077,.394,13.9,17.5,15.7,11.7,1.3,3.3,13.2,19.0,1.9,0.3,2.2,.145,1.9,-1.1,0.8,0.5,,baglema01
238,Marvin Bagley III,26,DAL,PF,11,2,254,17.5,.588,.106,.318,12.4,24.0,18.3,8.2,0.6,3.3,8.5,17.5,0.4,0.3,0.7,.133,-0.2,-1.1,-1.2,0.0,,baglema01
239,Miles McBride,25,NYK,SG,35,14,981,13.5,.592,.671,.119,2.5,7.8,5.1,13.6,1.5,0.6,6.8,17.7,1.7,1.0,2.6,.130,1.2,0.1,1.3,0.8,,mcbrimi01
240,Jarred Vanderbilt,26,LAL,PF,55,3,978,11.0,.543,.417,.228,9.1,20.7,15.1,8.9,2.3,1.7,17.8,12.3,0.3,1.2,1.5,.075,-2.5,0.7,-1.9,0.0,,vandeja01
241,Drake Powell,20,BRK,SG,50,12,976,7.8,.548,.525,.247,1.8,8.5,5.0,11.4,1.3,0.8,15.0,14.9,-0.1,0.3,0.2,.008,-4.2,-1.4,-5.6,-0.9,,poweldr01
242,Mouhamed Gueye,23,ATL,PF,63,5,973,12.2,.539,.421,.247,8.6,16.9,12.7,7.2,2.5,2.9,9.9,13.0,0.7,1.4,2.1,.103,-2.8,1.0,-1.8,0.0,,gueyemo02
243,Coby White,25,2TM,SG,36,26,973,14.3,.577,.517,.385,0.9,12.6,6.8,24.9,1.1,0.3,15.6,27.7,0.4,0.5,0.9,.044,-1.0,-2.2,-3.2,-0.3,,whiteco01
243,Coby White,25,CHI,SG,29,26,843,14.4,.586,.529,.392,0.9,12.6,6.8,24.1,1.1,0.2,16.0,27.4,0.3,0.4,0.7,.041,-1.0,-2.3,-3.3,-0.3,,whiteco01
243,Coby White,25,CHO,SG,7,0,130,14.2,.522,.449,.348,0.9,12.8,6.9,30.1,1.1,0.7,13.1,29.7,0.1,0.1,0.2,.066,-1.2,-1.5,-2.8,0.0,,whiteco01
244,Adem Bona,22,PHI,C,56,8,964,12.4,.634,.030,.497,11.1,16.3,13.6,3.3,1.1,6.5,17.1,10.8,1.1,1.1,2.1,.106,-3.3,0.3,-3.0,-0.3,,bonaad01
245,Mitchell Robinson,27,NYK,C,49,15,957,20.2,.654,.000,.534,24.7,25.3,25.0,6.3,2.1,5.6,14.2,10.3,2.7,1.9,4.6,.230,1.8,1.2,2.9,1.2,,robinmi01
246,Nolan Traoré,19,BRK,PG,43,20,955,7.9,.492,.373,.188,1.5,7.1,4.2,25.6,1.5,1.4,19.5,20.6,-1.2,0.3,-0.9,-0.043,-4.5,-2.2,-6.7,-1.2,,traorno01
247,Jaxson Hayes,25,LAL,C,54,8,954,17.7,.758,.010,.471,10.4,15.9,13.2,7.4,1.1,3.2,9.1,12.5,3.0,0.8,3.8,.191,0.5,0.1,0.6,0.6,,hayesja02
248,Jordan Miller,26,LAC,SF,45,0,954,15.5,.621,.288,.463,4.8,11.1,8.1,14.4,1.7,0.8,12.5,18.2,1.6,0.7,2.3,.116,0.3,-0.5,-0.1,0.4,,millejo02
249,Hugo González,19,BOS,SF,61,3,953,10.5,.555,.466,.118,6.6,18.1,12.4,5.1,2.0,2.1,12.8,12.1,0.5,1.5,1.9,.097,-3.1,1.5,-1.6,0.1,,gonzahu01
250,Andre Drummond,32,PHI,C,49,24,953,16.4,.548,.260,.291,18.1,30.2,24.0,7.0,1.5,3.7,14.2,15.0,1.2,1.4,2.6,.130,-0.6,-0.6,-1.2,0.2,,drumman01
251,Gradey Dick,22,TOR,SG,63,1,949,10.7,.543,.508,.242,4.4,11.4,7.9,5.9,2.1,0.6,9.1,18.0,0.2,1.1,1.4,.069,-3.1,-0.3,-3.4,-0.3,,dickgr01
252,Al Horford,39,GSW,C,43,12,933,14.9,.554,.633,.084,5.1,20.4,12.6,16.9,1.6,4.9,11.3,16.5,0.8,1.3,2.1,.110,0.3,1.4,1.8,0.9,,horfoal01
253,GG Jackson II,21,MEM,PF,45,18,926,15.1,.587,.383,.276,4.6,17.8,11.1,10.6,1.4,3.5,13.3,22.2,0.3,0.9,1.2,.063,-0.7,-0.8,-1.4,0.1,,jacksgg01
254,Derrick Jones Jr.,28,LAC,SF,34,29,920,14.9,.629,.428,.273,5.0,8.2,6.7,7.0,1.9,3.9,8.2,15.9,1.5,0.8,2.3,.120,0.4,0.2,0.6,0.6,,jonesde02
255,Darius Garland,26,2TM,PG,31,29,919,16.2,.574,.452,.202,1.7,7.3,4.5,34.2,1.4,0.3,15.4,26.4,1.1,0.6,1.7,.090,1.3,-2.5,-1.2,0.2,,garlada01
255,Darius Garland,26,CLE,PG,26,26,792,15.6,.567,.435,.210,1.7,7.1,4.4,33.4,1.3,0.4,15.1,25.7,0.9,0.5,1.5,.089,0.9,-2.4,-1.5,0.1,,garlada01
255,Darius Garland,26,LAC,PG,5,3,127,19.5,.611,.544,.162,1.9,8.9,5.5,39.4,2.0,0.0,17.1,30.7,0.2,0.1,0.3,.102,3.9,-2.9,0.9,0.1,,garlada01
256,Tyus Jones,29,3TM,PG,60,10,915,8.2,.441,.630,.045,1.2,6.5,3.9,21.0,1.9,0.3,9.7,10.5,0.2,0.8,1.0,.052,-3.0,0.6,-2.4,-0.1,,jonesty01
256,Tyus Jones,29,ORL,PG,48,8,754,8.5,.448,.646,.038,1.3,6.5,3.9,19.8,2.1,0.4,8.0,9.8,0.3,0.7,1.0,.066,-2.7,1.1,-1.6,0.1,,jonesty01
256,Tyus Jones,29,DAL,PG,8,2,133,8.8,.444,.559,.059,0.8,6.2,3.6,29.5,1.1,0.0,12.5,12.6,0.0,0.1,0.1,.034,-3.0,-1.3,-4.3,-0.1,,jonesty01
256,Tyus Jones,29,DEN,PG,4,0,28,-3.1,.296,.625,.125,0.0,7.7,4.0,13.2,0.0,0.0,26.2,17.8,-0.1,0.0,-0.1,-0.229,-9.0,-5.7,-14.6,-0.1,,jonesty01
257,Isaiah Hartenstein,27,OKC,C,36,35,914,19.6,.645,.024,.376,14.1,24.8,19.7,19.4,1.9,3.0,19.2,16.8,2.0,2.1,4.1,.217,1.0,2.8,3.8,1.3,,harteis01
258,Corey Kispert,26,2TM,SF,45,9,902,12.9,.610,.597,.238,2.3,10.7,6.5,12.0,0.7,0.7,9.5,18.0,1.1,0.3,1.4,.076,0.0,-2.0,-2.0,0.0,,kispeco01
258,Corey Kispert,26,WAS,SF,19,2,370,14.1,.649,.639,.286,1.7,11.1,6.3,12.3,1.0,0.7,9.5,16.7,0.7,0.0,0.7,.084,1.0,-2.1,-1.0,0.1,,kispeco01
258,Corey Kispert,26,ATL,SF,26,7,532,12.1,.585,.572,.209,2.8,10.5,6.6,11.9,0.5,0.7,9.5,19.0,0.5,0.3,0.8,.071,-0.7,-1.9,-2.6,-0.1,,kispeco01
259,Jared McCain,21,2TM,SG,52,1,900,11.2,.544,.529,.131,2.1,11.7,6.8,11.9,1.7,0.2,10.8,20.2,0.1,0.9,0.9,.051,-1.8,-0.7,-2.5,-0.1,,mccaija01
259,Jared McCain,21,PHI,SG,37,1,620,9.5,.506,.515,.108,1.0,12.6,6.7,14.1,1.7,0.3,11.0,18.6,-0.2,0.5,0.3,.022,-2.9,-0.9,-3.8,-0.3,,mccaija01
259,Jared McCain,21,OKC,SG,15,0,280,14.9,.610,.555,.172,4.4,9.7,7.2,6.9,1.6,0.0,10.4,23.8,0.3,0.4,0.7,.113,0.6,-0.4,0.3,0.2,,mccaija01
260,Caris LeVert,31,DET,SG,46,0,892,10.2,.511,.478,.214,1.8,8.1,5.0,17.7,2.2,3.2,16.5,17.9,-0.3,1.3,1.0,.056,-2.4,1.4,-1.0,0.2,,leverca01
261,Franz Wagner,24,ORL,SF,28,26,891,19.6,.591,.269,.407,5.1,15.0,10.0,18.3,1.6,0.9,8.7,26.3,1.7,1.0,2.8,.148,2.9,0.1,2.9,1.1,,wagnefr01
262,Jericho Sims,27,MIL,C,50,9,883,11.9,.828,.000,.273,10.8,20.6,15.7,8.5,0.6,1.5,28.0,8.6,1.5,0.6,2.0,.111,-2.5,-0.6,-3.2,-0.3,,simsje01
263,Bryce McGowens,23,NOP,SG,42,13,880,11.8,.610,.392,.401,1.5,9.4,5.4,9.5,1.5,1.0,5.7,14.0,1.4,0.3,1.8,.095,-2.0,-1.0,-2.9,-0.2,,mcgowbr01
264,Luka Garza,27,BOS,C,56,4,879,18.9,.671,.368,.364,15.8,11.3,13.5,8.3,1.2,2.8,10.5,16.5,2.9,1.0,3.9,.215,1.6,0.1,1.8,0.8,,garzalu01
265,Pat Spencer,29,GSW,PG,50,12,861,12.3,.515,.377,.141,4.6,9.8,7.2,28.3,2.1,0.3,16.0,18.4,0.4,0.8,1.2,.068,-1.8,-0.1,-1.8,0.0,,spencpa01
266,Bones Hyland,25,MIN,PG,58,3,858,15.1,.602,.627,.165,2.8,9.3,6.1,24.1,1.7,1.2,12.3,19.7,1.5,0.8,2.4,.133,1.0,0.1,1.1,0.7,,hylanbo01
267,Taylor Hendricks,22,2TM,PF,48,10,857,11.9,.575,.504,.225,6.9,15.4,11.1,7.4,1.6,2.3,12.1,15.6,0.5,0.5,0.9,.053,-1.4,-1.4,-2.8,-0.2,,hendrta01
267,Taylor Hendricks,22,UTA,PF,33,6,492,10.3,.574,.547,.250,6.3,15.8,11.0,6.5,1.3,1.6,12.3,13.6,0.3,0.1,0.4,.036,-1.7,-1.8,-3.5,-0.2,,hendrta01
267,Taylor Hendricks,22,MEM,PF,15,4,365,14.0,.576,.462,.200,7.6,14.9,11.3,8.7,2.1,3.3,11.8,18.2,0.2,0.4,0.6,.076,-0.9,-1.0,-1.9,0.0,,hendrta01
268,Caleb Martin,30,DAL,SF,57,12,849,9.4,.521,.299,.316,3.6,13.9,8.8,12.5,2.2,1.5,15.5,12.5,-0.1,1.0,0.9,.053,-4.1,1.8,-2.2,-0.1,,martica02
269,Cam Thomas,24,2TM,SG,39,8,839,13.0,.533,.369,.362,1.5,8.0,4.6,21.0,0.4,0.3,11.4,30.2,-0.2,0.0,-0.2,-0.010,-0.8,-4.0,-4.8,-0.6,,thomaca02
269,Cam Thomas,24,BRK,SG,24,8,582,12.4,.527,.380,.351,1.7,7.1,4.3,22.3,0.3,0.3,11.9,30.2,-0.2,0.0,-0.2,-0.018,-0.8,-4.3,-5.1,-0.4,,thomaca02
269,Cam Thomas,24,MIL,SG,15,0,257,14.6,.545,.343,.388,0.9,9.9,5.5,18.1,0.6,0.4,10.3,30.1,0.0,0.1,0.0,.009,-0.8,-3.3,-4.1,-0.1,,thomaca02
270,Rayan Rupert,21,2TM,SG,57,2,839,7.6,.496,.465,.149,4.4,13.3,8.8,6.8,2.4,0.7,12.9,13.6,-0.3,0.8,0.6,.032,-5.0,0.2,-4.8,-0.6,,ruperra01
270,Rayan Rupert,21,POR,SG,48,0,577,5.8,.447,.483,.095,4.2,12.0,8.0,7.8,2.4,0.3,15.5,12.7,-0.5,0.5,0.1,.005,-5.8,0.6,-5.2,-0.5,,ruperra01
270,Rayan Rupert,21,MEM,SG,9,2,262,11.7,.579,.432,.247,4.9,16.2,10.5,4.7,2.4,1.4,8.2,15.5,0.2,0.3,0.5,.090,-3.3,-0.8,-4.1,-0.1,,ruperra01
271,Gary Payton II,33,GSW,SG,59,1,835,16.3,.593,.348,.079,9.9,16.1,13.0,17.1,2.6,1.9,14.5,18.5,1.0,1.1,2.1,.120,-0.4,1.1,0.6,0.5,,paytoga02
272,Mike Conley,38,MIN,PG,46,9,831,8.9,.494,.757,.260,2.0,8.5,5.3,19.1,1.5,1.3,12.0,11.4,0.7,0.7,1.4,.081,-2.6,0.7,-1.9,0.0,,conlemi01
273,Ryan Nembhard,22,DAL,PG,46,18,831,10.6,.505,.362,.069,1.0,9.5,5.3,36.4,0.9,0.1,18.8,17.7,0.0,0.5,0.5,.028,-2.4,-1.9,-4.2,-0.5,,nembhry01
274,Nae'Qwan Tomlin,25,CLE,PF,52,2,825,12.9,.533,.362,.204,9.1,10.7,9.9,7.0,2.2,3.3,7.1,15.8,0.8,1.0,1.8,.107,-2.4,0.5,-1.9,0.0,,tomlina01
275,Paul George,35,PHI,PF,27,27,824,15.6,.556,.489,.215,1.8,17.1,9.3,18.1,2.4,1.5,10.2,22.1,0.7,0.9,1.6,.095,0.5,0.3,0.9,0.6,,georgpa01
276,Vince Williams Jr.,25,2TM,PG,40,12,820,10.8,.478,.606,.171,5.1,15.4,10.2,27.3,1.7,1.8,18.2,19.4,-0.3,0.7,0.3,.020,-1.5,0.5,-1.0,0.2,,willivi01
276,Vince Williams Jr.,25,MEM,PG,34,12,736,10.9,.478,.602,.174,5.0,15.1,10.0,27.5,1.7,1.8,18.1,19.6,-0.3,0.7,0.4,.023,-1.5,0.6,-0.8,0.2,,willivi01
276,Vince Williams Jr.,25,UTA,SG,6,0,84,9.9,.470,.643,.143,6.4,18.5,12.3,25.5,1.1,2.4,19.0,18.1,0.0,0.0,0.0,-0.010,-1.8,-0.4,-2.2,0.0,,willivi01
277,Alex Caruso,31,OKC,SG,44,0,817,13.1,.535,.601,.161,3.5,12.0,7.9,14.3,3.6,1.8,12.8,16.2,0.2,1.8,2.0,.117,-1.3,3.3,2.1,0.8,,carusal01
278,Ochai Agbaji,25,2TM,SG,53,13,816,8.9,.530,.422,.139,5.4,11.2,8.2,7.0,1.3,2.0,10.2,13.9,0.1,0.8,0.9,.052,-3.6,-0.3,-3.9,-0.4,,agbajoc01
278,Ochai Agbaji,25,TOR,SG,42,13,650,7.5,.495,.382,.171,5.6,10.9,8.2,6.1,1.3,1.6,9.4,13.3,0.0,0.7,0.6,.047,-4.8,-0.1,-4.9,-0.5,,agbajoc01
278,Ochai Agbaji,25,BRK,SG,11,0,166,14.2,.650,.547,.038,4.7,12.5,8.4,10.8,1.2,3.3,12.9,16.2,0.2,0.1,0.2,.072,1.1,-1.1,0.0,0.1,,agbajoc01
279,T.J. McConnell,33,IND,PG,48,1,812,20.0,.558,.107,.056,2.4,11.9,7.0,48.6,2.9,0.8,12.4,23.9,1.2,0.8,1.9,.115,1.6,0.6,2.2,0.9,,mccontj01
280,De'Anthony Melton,27,GSW,PG,36,12,812,14.3,.526,.463,.239,3.4,11.4,7.3,16.2,3.4,1.7,11.9,26.3,-0.3,1.1,0.8,.049,-2.5,0.4,-2.1,0.0,,meltode01
281,Jordan Poole,26,NOP,PG,33,6,808,12.0,.538,.647,.262,1.1,8.2,4.6,18.1,1.2,1.4,12.2,25.0,0.1,0.2,0.4,.021,-0.5,-2.4,-2.9,-0.2,,poolejo01
282,Keegan Murray,25,SAC,PF,23,22,793,11.7,.499,.373,.163,4.5,14.3,9.3,6.8,1.5,4.1,7.7,18.7,-0.2,0.4,0.2,.011,-2.1,-1.0,-3.1,-0.2,,murrake02
283,Nikola Jović,22,MIA,PF,45,1,791,9.8,.485,.531,.331,3.2,16.5,9.8,16.6,1.5,1.9,15.7,21.2,-0.8,1.1,0.3,.016,-3.3,0.2,-3.0,-0.2,,jovicni01
284,Jakob Poeltl,30,TOR,C,31,29,788,16.7,.698,.000,.328,11.2,21.4,16.2,11.2,1.5,2.7,16.6,14.1,1.5,1.2,2.7,.165,-0.5,1.4,0.8,0.6,,poeltja01
285,Robert Williams,28,POR,C,46,1,775,23.0,.747,.104,.218,13.8,29.6,21.6,9.5,1.9,8.2,15.6,13.1,2.0,1.5,3.5,.215,2.6,2.7,5.2,1.4,,williro04
286,Buddy Hield,33,2TM,SG,45,3,773,12.4,.560,.651,.113,3.6,11.8,7.6,12.5,2.3,1.1,12.0,19.6,0.2,0.8,1.0,.061,-1.2,0.0,-1.2,0.2,,hieldbu01
286,Buddy Hield,33,GSW,SG,44,3,768,12.6,.562,.650,.113,3.6,11.9,7.7,12.6,2.3,1.1,11.8,19.6,0.2,0.8,1.0,.064,-1.1,0.0,-1.0,0.2,,hieldbu01
286,Buddy Hield,33,ATL,SG,1,0,5,-16.5,.000,1.000,.000,0.0,0.0,0.0,0.0,0.0,0.0,50.0,16.7,0.0,0.0,0.0,-0.467,-17.5,-8.7,-26.2,0.0,,hieldbu01
287,Tyrese Martin,26,2TM,SG,43,6,766,10.4,.501,.596,.102,4.9,12.5,8.5,15.7,1.6,0.7,12.2,18.6,-0.3,0.4,0.1,.007,-1.8,-1.5,-3.3,-0.2,,martity01
287,Tyrese Martin,26,BRK,SG,37,6,696,10.9,.507,.596,.102,5.1,12.9,8.9,15.5,1.6,0.5,11.0,18.8,-0.1,0.3,0.2,.015,-1.4,-1.6,-3.0,-0.2,,martity01
287,Tyrese Martin,26,PHI,SG,6,0,70,5.9,.431,.600,.100,3.1,8.1,5.5,17.5,2.1,2.7,25.1,16.8,-0.2,0.1,-0.1,-0.075,-5.5,-0.4,-5.9,-0.1,,martity01
288,Karlo Matković,24,NOP,PF,54,2,760,17.2,.727,.378,.181,8.4,18.6,13.5,8.7,1.3,6.1,12.5,12.7,1.7,0.7,2.4,.155,0.7,0.6,1.3,0.6,,matkoka01
289,Isaiah Jackson,24,2TM,C,47,14,760,16.4,.627,.005,.467,13.9,22.2,17.9,7.8,2.0,4.5,16.8,16.0,1.0,1.0,2.0,.127,-2.5,0.6,-2.0,0.0,,jacksis01
289,Isaiah Jackson,24,IND,C,38,14,638,15.3,.615,.006,.448,14.1,22.0,17.9,7.1,1.9,3.9,17.9,15.9,0.7,0.8,1.5,.110,-3.1,0.3,-2.8,-0.1,,jacksis01
289,Isaiah Jackson,24,LAC,C,9,0,122,22.0,.689,.000,.563,12.8,23.2,18.2,11.5,2.0,7.8,11.1,16.3,0.3,0.2,0.6,.218,0.3,1.9,2.2,0.1,,jacksis01
290,Jalen Williams,24,OKC,SG,26,26,755,18.8,.555,.175,.279,2.5,14.3,8.7,28.7,2.1,1.2,10.9,26.4,0.9,1.4,2.3,.147,1.0,1.1,2.0,0.8,,willija06
291,Clint Capela,31,HOU,C,60,1,747,17.9,.532,.000,.310,19.5,21.3,20.4,6.8,1.9,6.3,12.7,13.7,1.0,1.4,2.4,.154,-0.4,0.7,0.3,0.4,,capelca01
292,John Konchar,29,2TM,SG,43,5,747,11.5,.529,.581,.171,5.6,15.7,10.6,11.1,3.7,3.1,15.5,8.2,0.4,0.9,1.3,.085,-2.4,3.1,0.8,0.5,,konchjo01
292,John Konchar,29,MEM,SG,30,1,435,12.9,.619,.549,.183,4.9,18.0,11.4,11.8,3.4,2.8,15.4,8.6,0.4,0.6,1.1,.119,-1.2,3.6,2.4,0.5,,konchjo01
292,John Konchar,29,UTA,SG,13,4,312,9.5,.387,.630,.152,6.5,12.4,9.4,10.2,4.2,3.5,15.5,7.7,-0.1,0.3,0.2,.038,-4.0,2.5,-1.5,0.0,,konchjo01
293,Guerschon Yabusele,30,2TM,C,56,12,747,10.6,.534,.626,.187,6.1,19.5,12.8,8.7,1.2,1.4,11.4,15.9,0.2,0.8,1.0,.064,-1.9,-0.4,-2.3,-0.1,,yabusgu01
293,Guerschon Yabusele,30,NYK,C,41,0,366,8.6,.499,.636,.112,7.2,19.1,13.1,6.4,0.8,1.4,11.8,14.8,0.0,0.4,0.4,.056,-3.2,-0.6,-3.7,-0.2,,yabusgu01
293,Guerschon Yabusele,30,CHI,C,15,12,381,12.6,.564,.618,.252,5.1,19.8,12.6,10.9,1.5,1.4,11.1,17.0,0.2,0.3,0.6,.072,-0.7,-0.2,-0.9,0.1,,yabusgu01
294,Jonas Valančiūnas,33,DEN,C,55,5,745,21.2,.630,.059,.346,13.2,27.3,20.5,14.2,0.9,3.7,14.4,25.2,1.5,0.9,2.4,.156,0.1,-0.4,-0.3,0.3,,valanjo01
295,Jaylen Clark,24,MIN,SG,58,0,737,10.1,.530,.421,.328,7.2,7.9,7.6,5.6,2.5,1.0,8.3,13.1,0.5,0.8,1.3,.085,-3.4,0.7,-2.7,-0.1,,clarkja02
296,Goga Bitadze,26,ORL,C,48,2,731,20.7,.707,.066,.401,14.6,21.2,17.9,11.1,2.0,6.2,11.3,12.9,2.2,1.3,3.5,.231,1.1,2.4,3.4,1.0,,bitadgo01
297,Steven Adams,32,HOU,C,32,11,730,15.9,.535,.000,.583,22.3,19.6,20.9,8.4,1.5,2.5,16.7,12.1,1.1,1.0,2.1,.139,-0.2,-0.4,-0.6,0.3,,adamsst01
298,Jalen Pickett,26,DEN,SG,43,18,728,10.5,.541,.554,.064,2.9,13.1,8.2,18.5,0.9,0.5,12.1,14.3,0.6,0.4,0.9,.062,-1.0,-1.1,-2.1,0.0,,pickeja02
299,Lonzo Ball,28,CLE,PG,35,3,728,9.5,.432,.835,.119,3.9,17.2,10.5,22.7,3.0,1.2,21.9,13.7,-0.4,1.1,0.7,.046,-2.9,1.8,-1.1,0.2,,balllo01
300,Olivier-Maxence Prosper,23,MEM,PF,42,13,725,15.4,.648,.423,.310,6.7,14.3,10.4,8.2,1.7,1.4,12.0,17.6,1.1,0.6,1.7,.113,0.2,-1.2,-1.0,0.2,,prospol01
301,Kasparas Jakučionis,19,MIA,PG,40,11,715,11.3,.608,.650,.230,4.7,11.2,7.9,17.2,1.7,0.5,17.6,13.8,0.8,0.8,1.6,.110,-1.5,1.1,-0.3,0.3,,jakucka01
302,Josh Green,25,CHO,SG,43,0,714,10.7,.659,.743,.176,5.9,7.6,6.8,7.9,1.9,0.6,14.5,11.0,1.0,0.6,1.6,.108,-1.1,0.8,-0.3,0.3,,greenjo02
303,Aaron Gordon,30,DEN,PF,26,23,714,19.6,.617,.384,.407,6.1,18.5,12.6,13.4,1.2,0.6,6.7,22.9,1.9,0.5,2.4,.161,3.3,-1.2,2.1,0.7,,gordoaa01
304,Justin Edwards,22,PHI,SF,49,6,713,10.7,.554,.609,.135,3.5,8.5,6.0,11.7,2.6,1.1,11.0,14.6,0.5,0.6,1.1,.074,-2.4,0.5,-1.9,0.0,,edwarju01
305,Trendon Watford,25,PHI,PF,43,7,711,12.7,.568,.184,.255,4.7,17.9,11.2,21.4,0.9,2.4,17.2,16.9,0.5,0.6,1.1,.074,-2.1,0.2,-1.9,0.0,,watfotr01
306,Kenrich Williams,31,OKC,PF,45,2,710,14.3,.596,.455,.186,6.8,15.1,11.1,12.3,1.6,0.7,12.0,17.3,0.9,1.2,2.1,.141,0.3,0.5,0.8,0.5,,willike04
307,Micah Peavy,24,NOP,SG,51,1,704,8.0,.439,.400,.076,5.8,8.5,7.1,8.9,2.1,0.8,5.7,14.6,-0.2,0.3,0.2,.011,-4.5,-1.1,-5.6,-0.6,,peavymi01
308,Jabari Walker,23,PHI,PF,56,6,701,12.3,.565,.454,.311,9.9,18.0,13.9,5.7,1.5,1.6,10.1,15.0,0.8,0.7,1.5,.100,-2.1,-0.7,-2.8,-0.1,,walkeja01
309,Dwight Powell,34,DAL,C,50,8,696,12.6,.703,.038,1.063,11.4,17.7,14.6,8.6,1.7,2.1,20.9,9.0,1.2,0.8,2.0,.140,-2.8,1.5,-1.3,0.1,,poweldw01
310,Gabe Vincent,29,2TM,PG,38,7,677,6.4,.511,.802,.072,2.0,4.2,3.1,10.1,1.4,0.3,8.0,11.9,0.2,0.3,0.5,.035,-3.7,-0.8,-4.5,-0.4,,vincega01
310,Gabe Vincent,29,LAL,PG,29,7,559,5.5,.512,.792,.085,1.5,4.1,2.8,8.3,1.2,0.2,8.2,11.4,0.1,0.2,0.3,.025,-3.9,-1.0,-5.0,-0.4,,vincega01
310,Gabe Vincent,29,ATL,PG,9,0,118,10.3,.507,.838,.027,4.5,4.6,4.6,18.5,2.0,0.8,7.4,14.3,0.1,0.1,0.2,.081,-2.5,0.2,-2.3,0.0,,vincega01
311,Julian Strawther,23,DEN,SG,44,12,672,12.2,.584,.481,.251,1.8,12.5,7.4,9.3,1.5,0.6,9.5,19.0,0.5,0.4,0.9,.066,-1.7,-1.0,-2.6,-0.1,,strawju01
312,Jaden Ivey,23,2TM,SG,37,5,670,13.1,.571,.523,.184,4.0,10.9,7.5,14.0,1.6,2.0,12.9,19.7,0.5,0.8,1.4,.097,-0.2,0.1,0.0,0.3,,iveyja01
312,Jaden Ivey,23,DET,SG,33,2,555,12.7,.570,.514,.173,3.8,10.5,7.2,13.1,1.3,2.2,12.9,20.2,0.4,0.7,1.1,.093,0.0,0.0,0.0,0.3,,iveyja01
312,Jaden Ivey,23,CHI,SG,4,3,115,15.0,.576,.583,.250,4.7,12.8,8.8,18.7,3.3,1.5,13.1,16.8,0.1,0.1,0.3,.113,-0.8,0.7,-0.1,0.1,,iveyja01
313,Tyler Kolek,24,NYK,PG,55,1,662,11.5,.513,.454,.079,2.5,12.9,7.7,31.5,1.4,0.5,18.3,18.6,0.3,0.7,1.0,.074,-1.4,0.1,-1.4,0.1,,kolekty01
314,Micah Potter,27,IND,C,34,3,647,16.3,.664,.588,.343,6.5,20.1,13.0,11.2,1.1,1.6,11.7,17.4,1.3,0.5,1.8,.133,1.0,-0.8,0.2,0.4,,pottemi01
315,Johnny Furphy,21,IND,SG,35,21,643,9.3,.547,.477,.235,5.2,21.1,12.9,8.8,1.5,0.9,15.0,12.7,0.0,0.6,0.5,.039,-3.9,0.1,-3.8,-0.3,,furphjo01
316,Paul Reed,26,DET,C,49,8,634,23.1,.635,.131,.306,17.5,20.1,18.8,12.3,3.3,6.3,14.8,19.9,1.4,1.5,2.9,.220,1.7,2.7,4.3,1.0,,reedpa01
317,Noah Penda,21,ORL,SF,46,2,632,12.6,.525,.429,.263,11.0,18.7,14.8,11.7,1.9,2.4,15.2,15.5,0.3,0.9,1.2,.088,-1.5,0.5,-1.0,0.1,,pendano01
318,Kobe Brown,26,2TM,PF,48,3,631,10.6,.544,.494,.264,8.2,13.9,11.1,9.5,1.2,1.1,14.6,16.0,0.2,0.4,0.6,.045,-2.5,-1.6,-4.1,-0.3,,brownko01
318,Kobe Brown,26,LAC,PF,34,0,295,11.2,.524,.583,.310,7.3,13.4,10.5,12.7,1.5,0.6,13.6,16.6,0.1,0.2,0.3,.056,-1.2,-1.1,-2.2,0.0,,brownko01
318,Kobe Brown,26,IND,PF,14,3,336,10.0,.562,.415,.223,9.0,14.4,11.6,6.7,0.8,1.5,15.5,15.4,0.1,0.2,0.3,.036,-3.6,-2.1,-5.7,-0.3,,brownko01
319,Ousmane Dieng,22,2TM,C,42,7,630,10.6,.536,.552,.080,3.2,14.2,8.9,13.7,0.9,2.0,10.7,16.2,0.2,0.7,0.9,.065,-1.4,-0.2,-1.6,0.1,,diengou01
319,Ousmane Dieng,22,OKC,C,27,0,295,10.1,.534,.538,.066,3.1,12.0,7.7,12.6,0.3,2.3,7.9,14.9,0.2,0.4,0.6,.096,-1.5,0.1,-1.5,0.0,,diengou01
319,Ousmane Dieng,22,MIL,C,15,7,335,11.1,.538,.564,.091,3.4,16.2,9.9,14.6,1.5,1.8,12.9,17.4,0.0,0.3,0.3,.038,-1.3,-0.4,-1.8,0.0,,diengou01
320,Rob Dillingham,21,2TM,PG,50,0,627,6.8,.421,.267,.141,2.6,12.6,7.7,23.6,2.6,0.4,18.9,22.4,-1.5,0.7,-0.8,-0.062,-7.1,-0.4,-7.5,-0.9,,dilliro01
320,Rob Dillingham,21,MIN,PG,35,0,326,6.1,.404,.234,.142,1.7,12.0,7.0,24.0,2.8,0.8,19.4,24.1,-1.0,0.4,-0.5,-0.080,-7.9,-0.4,-8.3,-0.5,,dilliro01
320,Rob Dillingham,21,CHI,PG,15,0,301,7.7,.442,.307,.140,3.6,13.3,8.5,23.2,2.4,0.0,18.2,20.7,-0.5,0.2,-0.3,-0.043,-6.3,-0.3,-6.6,-0.3,,dilliro01
321,Anthony Davis,32,DAL,PF,20,20,626,21.7,.551,.111,.243,10.7,26.3,18.7,15.1,1.7,4.4,10.0,27.6,0.4,1.0,1.4,.110,1.5,0.9,2.4,0.7,,davisan02
322,Josh Minott,23,2TM,PF,40,10,626,15.6,.649,.587,.234,7.8,15.2,11.5,8.1,2.5,2.5,13.6,14.8,1.1,0.9,2.0,.153,0.9,1.1,2.0,0.6,,minotjo01
322,Josh Minott,23,BOS,PF,33,10,526,15.7,.651,.566,.191,8.4,16.0,12.3,8.4,2.3,2.3,11.9,13.8,1.1,0.8,1.9,.172,0.9,1.3,2.2,0.6,,minotjo01
322,Josh Minott,23,BRK,SF,7,0,100,15.2,.640,.677,.419,4.5,10.9,7.6,6.3,3.5,3.7,19.7,19.9,0.0,0.1,0.1,.051,1.0,0.0,1.0,0.1,,minotjo01
323,Jaden Hardy,23,2TM,SG,44,4,625,10.5,.546,.594,.208,2.2,9.1,5.7,8.8,0.8,0.6,11.5,25.0,-0.3,0.2,-0.1,-0.009,-2.2,-2.8,-5.0,-0.5,,hardyja02
323,Jaden Hardy,23,DAL,SG,34,4,428,10.8,.551,.639,.206,2.8,8.7,5.8,10.0,1.0,0.4,11.3,23.4,-0.1,0.3,0.2,.018,-2.0,-1.9,-3.8,-0.2,,hardyja02
323,Jaden Hardy,23,WAS,SG,10,0,197,9.9,.537,.514,.211,1.1,9.8,5.4,6.4,0.5,0.9,11.8,28.6,-0.2,0.0,-0.3,-0.069,-2.7,-4.9,-7.7,-0.3,,hardyja02
324,Tre Mann,24,CHO,PG,43,1,624,8.3,.462,.520,.090,3.7,12.2,8.0,19.2,1.7,0.7,14.7,23.0,-0.7,0.6,-0.1,-0.005,-4.2,-1.0,-5.2,-0.5,,manntr01
325,Jalen Wilson,25,BRK,PF,44,0,618,7.9,.539,.639,.267,1.4,12.0,6.5,6.6,1.4,0.3,10.1,16.7,-0.1,0.2,0.1,.008,-3.7,-2.0,-5.6,-0.6,,wilsoja03
326,Dylan Cardwell,24,SAC,C,29,1,616,15.5,.602,.009,.357,15.9,24.6,20.1,7.8,1.7,6.9,15.6,10.6,0.9,0.7,1.6,.126,-2.7,1.0,-1.7,0.0,,cardwdy01
327,Jamir Watkins,24,WAS,SG,33,4,615,10.4,.545,.540,.233,5.1,14.4,9.7,6.8,2.1,2.3,9.1,13.4,0.3,0.3,0.6,.047,-3.8,-0.6,-4.5,-0.4,,watkija01
328,Tyler Herro,26,MIA,SG,20,15,612,19.1,.620,.392,.222,1.8,13.4,7.6,18.9,1.2,1.0,9.7,26.0,1.1,0.7,1.8,.143,3.7,0.1,3.8,0.9,,herroty01
329,Quenton Jackson,27,IND,PG,35,10,609,14.2,.593,.396,.401,3.4,10.3,6.7,19.7,1.6,0.8,12.7,20.3,0.7,0.4,1.1,.084,-1.0,-0.6,-1.6,0.1,,jacksqu01
330,Javon Small,23,MEM,PG,32,5,607,16.6,.596,.474,.325,4.6,12.4,8.5,27.9,2.0,1.2,13.7,18.9,1.2,0.5,1.7,.135,1.7,-0.5,1.2,0.5,,smallja01
331,Nick Richards,28,2TM,C,43,3,607,12.3,.566,.076,.520,12.3,25.2,18.7,3.4,0.8,4.6,20.4,18.4,-0.2,0.8,0.6,.045,-5.0,-1.0,-6.0,-0.6,,richani01
331,Nick Richards,28,PHO,C,28,2,254,11.5,.534,.000,.394,14.8,25.2,19.8,4.4,0.8,5.3,23.1,18.1,-0.2,0.4,0.2,.039,-6.0,-0.9,-6.9,-0.3,,richani01
331,Nick Richards,28,CHI,C,15,1,353,12.9,.587,.130,.610,10.4,25.3,18.0,2.7,0.8,4.2,18.6,18.6,0.0,0.4,0.4,.049,-4.3,-1.1,-5.4,-0.3,,richani01
332,Kevin Love,37,UTA,PF,36,5,598,15.2,.575,.710,.218,9.5,29.3,19.2,15.0,1.1,1.5,12.1,16.6,0.8,0.3,1.2,.096,1.3,-0.8,0.5,0.4,,loveke01
333,Gary Harris,31,MIL,SG,42,2,582,7.7,.598,.651,.108,2.5,8.2,5.4,9.6,1.9,1.2,15.5,7.8,0.4,0.3,0.7,.058,-3.4,0.9,-2.5,-0.1,,harriga01
334,Jonathan Kuminga,23,2TM,PF,24,14,575,14.5,.571,.271,.402,7.1,21.4,14.1,16.1,1.1,1.1,17.2,23.9,0.1,0.6,0.7,.057,-1.5,-0.7,-2.2,0.0,,kuminjo01
334,Jonathan Kuminga,23,GSW,PF,20,13,476,12.5,.543,.273,.340,6.6,20.6,13.4,15.8,0.8,1.2,17.1,23.9,-0.2,0.5,0.3,.026,-2.5,-1.2,-3.6,-0.2,,kuminjo01
334,Jonathan Kuminga,23,ATL,PF,4,1,99,24.0,.711,.257,.743,9.7,25.3,17.4,17.7,2.4,0.9,17.7,23.8,0.3,0.2,0.4,.206,3.3,1.6,4.8,0.2,,kuminjo01
335,Tidjane Salaün,20,CHO,PF,36,0,571,13.1,.632,.525,.253,5.2,23.9,14.7,6.7,1.4,1.1,12.5,14.8,0.7,0.7,1.4,.116,-1.0,0.3,-0.7,0.2,,salauti01
336,Ja Morant,26,MEM,PG,20,20,569,16.7,.521,.264,.363,1.5,10.9,6.2,44.5,1.7,1.0,16.0,32.4,0.1,0.4,0.5,.039,0.5,-2.0,-1.5,0.1,,moranja01
337,Zeke Nnaji,25,DEN,PF,46,3,566,10.7,.566,.350,.321,6.3,17.9,12.4,5.5,1.4,3.4,13.8,14.0,0.2,0.6,0.8,.067,-3.3,-0.1,-3.5,-0.2,,nnajize01
338,Kyle Anderson,32,3TM,SF,29,3,566,13.8,.606,.044,.394,4.4,14.2,9.2,18.2,2.5,2.7,14.4,13.7,0.7,0.4,1.2,.099,-1.4,1.0,-0.4,0.2,,anderky01
338,Kyle Anderson,32,UTA,SF,20,0,401,14.3,.565,.046,.349,5.1,13.0,9.0,21.0,2.7,2.5,11.9,14.7,0.5,0.2,0.7,.090,-0.9,0.7,-0.2,0.2,,anderky01
338,Kyle Anderson,32,MEM,SF,4,3,89,15.1,.821,.053,.421,3.6,13.5,8.5,4.8,3.2,4.1,23.7,13.7,0.1,0.1,0.2,.115,-2.5,1.5,-1.0,0.0,,anderky01
338,Kyle Anderson,32,MIN,SF,5,0,76,9.5,.639,.000,.889,1.5,21.4,11.6,19.2,0.6,2.3,19.3,8.6,0.1,0.1,0.2,.129,-2.8,2.0,-0.7,0.0,,anderky01
339,Domantas Sabonis,29,SAC,C,19,15,564,19.2,.590,.122,.348,12.2,30.9,21.3,21.4,1.5,0.6,16.7,23.0,0.7,0.5,1.1,.096,0.7,-0.2,0.5,0.4,,sabondo01
340,Aaron Holiday,29,HOU,PG,43,1,558,9.6,.546,.635,.188,1.4,6.1,3.8,9.8,1.7,0.7,10.5,18.0,0.4,0.5,0.9,.078,-2.9,-0.4,-3.2,-0.2,,holidaa01
341,Carter Bryant,20,SAS,PF,55,0,553,9.2,.500,.596,.130,5.2,18.4,11.9,5.5,1.0,2.2,8.9,17.1,-0.2,0.8,0.6,.054,-3.4,-0.5,-3.9,-0.3,,bryanca01
342,Thomas Bryant,28,CLE,C,49,0,552,17.6,.615,.517,.268,8.7,21.1,14.9,7.3,1.2,3.9,7.7,18.9,1.2,0.8,1.9,.167,0.9,-0.4,0.5,0.3,,bryanth01
343,Drew Eubanks,28,SAC,C,42,11,552,13.6,.605,.045,.365,7.6,18.3,12.8,5.0,1.3,4.3,14.2,16.2,0.3,0.3,0.6,.054,-3.0,-0.8,-3.8,-0.3,,eubandr01
344,Jett Howard,22,ORL,SF,44,0,544,11.5,.552,.589,.183,3.6,11.5,7.5,10.2,0.6,1.6,5.3,17.6,0.6,0.5,1.0,.091,-1.0,-1.0,-2.0,0.0,,howarje01
345,Jevon Carter,30,2TM,PG,36,0,536,10.6,.531,.746,.088,1.6,9.3,5.5,14.1,2.0,1.5,9.9,17.5,0.0,0.5,0.5,.047,-1.6,0.1,-1.5,0.1,,carteje01
345,Jevon Carter,30,CHI,PG,23,0,254,12.5,.577,.757,.097,2.1,8.7,5.5,10.5,2.4,0.7,9.3,19.6,0.1,0.2,0.3,.059,-0.6,-0.3,-0.9,0.1,,carteje01
345,Jevon Carter,30,ORL,PG,13,0,282,8.9,.478,.733,.078,1.2,9.9,5.5,17.4,1.5,2.2,10.6,15.7,-0.1,0.3,0.2,.036,-2.5,0.4,-2.0,0.0,,carteje01
346,Ben Saraf,19,BRK,SG,30,6,532,6.0,.471,.385,.318,1.7,8.2,4.8,24.6,1.9,0.9,26.2,18.7,-1.0,0.2,-0.8,-0.072,-6.1,-1.9,-8.0,-0.8,,sarafbe01
347,Dorian Finney-Smith,32,HOU,PF,30,1,529,4.9,.435,.766,.047,5.9,10.9,8.5,6.3,1.3,0.9,14.2,10.1,-0.1,0.5,0.4,.033,-5.0,-0.1,-5.1,-0.4,,finnedo01
348,Cole Anthony,25,MIL,PG,35,0,527,10.8,.483,.312,.113,3.4,14.9,9.3,34.5,1.9,2.1,21.1,25.8,-0.9,0.5,-0.4,-0.039,-3.9,-0.9,-4.8,-0.4,,anthoco01
349,Jonathan Isaac,28,ORL,PF,52,0,521,11.7,.498,.349,.532,9.1,19.1,14.0,5.6,1.9,5.3,11.8,12.4,0.1,0.8,1.0,.088,-2.8,1.4,-1.5,0.1,,isaacjo01
350,Tristan Vukcevic,22,WAS,C,40,8,517,16.8,.578,.410,.343,5.3,19.4,12.2,14.1,1.5,4.8,14.9,26.0,0.1,0.3,0.5,.042,-0.5,-0.8,-1.2,0.1,,vukcetr01
351,Jamaree Bouyea,26,PHO,PG,34,0,516,14.5,.547,.343,.171,3.1,10.8,6.9,17.3,2.4,2.6,9.7,17.8,0.5,0.6,1.2,.108,-0.5,1.3,0.8,0.4,,bouyeja01
352,Jordan Hawkins,23,NOP,SG,42,0,515,4.8,.420,.567,.100,2.9,10.4,6.6,6.9,0.7,1.3,10.9,17.1,-0.8,0.1,-0.7,-0.067,-4.7,-3.2,-8.0,-0.8,,hawkijo01
353,Dalton Knecht,24,LAL,SF,48,1,509,9.4,.550,.580,.115,3.1,12.3,7.8,4.4,1.0,1.8,9.9,17.3,-0.1,0.3,0.3,.025,-2.6,-1.7,-4.3,-0.3,,knechda01
354,Jase Richardson,20,ORL,SG,44,0,507,10.7,.563,.436,.227,4.1,7.5,5.8,14.4,1.2,0.4,11.8,17.0,0.3,0.4,0.7,.069,-2.2,-1.1,-3.4,-0.2,,richaja02
355,Kristaps Porziņģis,30,2TM,C,21,13,496,20.3,.581,.407,.372,5.4,16.8,11.0,17.2,1.0,5.3,6.5,27.1,1.0,0.6,1.6,.158,2.3,0.9,3.2,0.7,,porzikr01
355,Kristaps Porziņģis,30,ATL,C,17,12,413,20.6,.592,.410,.386,5.4,17.4,11.3,16.7,1.0,4.8,6.1,26.4,1.0,0.5,1.5,.171,2.7,0.8,3.5,0.6,,porzikr01
355,Kristaps Porziņģis,30,GSW,C,4,1,83,18.6,.531,.396,.313,5.2,13.4,9.2,19.7,1.2,7.7,8.4,30.4,0.1,0.1,0.2,.092,0.4,1.5,1.9,0.1,,porzikr01
356,D'Angelo Russell,29,DAL,PG,26,3,495,12.5,.511,.483,.259,1.8,11.1,6.5,31.3,1.1,0.3,15.9,26.1,-0.3,0.4,0.0,.002,-0.7,-1.6,-2.4,0.0,,russeda01
357,Anthony Gill,33,WAS,PF,38,1,490,12.4,.642,.236,.191,7.1,12.5,9.8,10.1,1.5,2.2,15.0,11.9,0.6,0.1,0.7,.071,-2.1,-1.3,-3.4,-0.2,,gillan01
358,Mohamed Diawara,20,NYK,SF,57,6,488,10.8,.562,.614,.070,2.9,14.8,8.8,10.1,1.4,1.2,11.5,17.4,0.2,0.6,0.8,.078,-1.5,0.3,-1.2,0.1,,diawamo01
359,Keaton Wallace,26,ATL,PG,45,2,473,10.6,.533,.593,.097,0.7,10.4,5.5,22.4,2.1,1.0,13.2,15.3,0.2,0.5,0.7,.069,-2.6,0.3,-2.3,0.0,,wallake01
360,Dalen Terry,23,2TM,SG,41,0,472,11.9,.532,.450,.194,4.8,12.6,8.7,16.1,2.6,2.6,14.6,14.6,0.1,0.5,0.6,.066,-2.0,1.0,-1.0,0.1,,terryda01
360,Dalen Terry,23,CHI,SG,34,0,377,11.7,.539,.451,.167,5.5,12.5,9.0,15.1,2.8,2.5,16.1,14.6,0.1,0.4,0.5,.061,-2.4,1.1,-1.3,0.1,,terryda01
360,Dalen Terry,23,PHI,SG,7,0,95,12.5,.508,.444,.296,2.3,13.1,7.6,20.0,2.0,3.0,8.9,14.9,0.1,0.1,0.2,.087,-0.7,0.6,-0.1,0.0,,terryda01
361,Jalen Green,23,PHO,SG,19,14,467,14.4,.508,.490,.161,1.6,13.7,7.5,17.6,2.5,0.2,11.9,33.6,-0.6,0.6,0.0,-0.002,-0.8,-1.0,-1.7,0.0,,greenja05
362,Grant Williams,27,CHO,PF,23,3,449,14.0,.617,.724,.301,7.7,15.5,11.7,13.2,1.2,1.4,12.6,15.0,0.9,0.4,1.3,.142,1.2,0.6,1.8,0.4,,willigr01
363,Trayce Jackson-Davis,25,2TM,C,44,1,449,16.9,.581,.009,.566,15.0,18.1,16.5,11.3,1.6,4.3,11.9,15.1,0.8,0.6,1.4,.149,-0.4,0.4,0.0,0.2,,jackstr02
363,Trayce Jackson-Davis,25,GSW,C,36,1,411,16.0,.601,.010,.510,12.3,17.6,14.9,11.0,1.5,4.2,12.6,14.7,0.7,0.5,1.2,.141,-1.0,0.6,-0.3,0.2,,jackstr02
363,Trayce Jackson-Davis,25,TOR,C,8,0,38,27.0,.430,.000,1.091,43.6,24.0,34.0,13.7,2.6,5.1,5.8,19.5,0.1,0.1,0.2,.241,5.5,-2.2,3.3,0.1,,jackstr02
364,Asa Newell,20,ATL,PF,40,1,445,13.6,.628,.463,.168,8.8,10.8,9.8,6.3,1.6,2.6,11.6,17.0,0.5,0.5,0.9,.100,-1.4,-0.6,-2.0,0.0,,newelas01
365,Tyrese Proctor,21,CLE,PG,42,1,436,10.3,.530,.605,.164,1.5,9.3,5.4,17.2,1.9,0.0,12.5,20.9,0.1,0.4,0.4,.049,-3.1,-0.6,-3.7,-0.2,,proctty01
366,Kam Jones,23,IND,SG,27,7,436,8.1,.494,.448,.069,2.2,7.7,4.8,23.6,1.4,0.0,17.3,14.0,-0.1,0.2,0.1,.006,-4.3,-1.9,-6.2,-0.5,,joneska03
367,Ariel Hukporti,23,NYK,C,48,4,430,10.7,.608,.067,.467,11.5,23.0,17.2,6.9,0.9,5.4,27.2,9.8,0.2,0.7,0.9,.105,-4.1,1.7,-2.4,0.0,,hukpoar01
368,Amir Coffey,28,2TM,SG,41,2,427,10.3,.593,.441,.301,4.4,8.9,6.7,6.9,0.9,0.9,4.5,11.2,0.6,0.2,0.8,.091,-2.2,-1.0,-3.2,-0.1,,coffeam01
368,Amir Coffey,28,MIL,SG,30,2,265,8.4,.584,.455,.273,2.6,8.4,5.5,5.5,0.6,1.1,6.1,11.0,0.2,0.1,0.3,.052,-3.3,-2.0,-5.3,-0.2,,coffeam01
368,Amir Coffey,28,PHO,SG,11,0,162,13.3,.606,.421,.342,7.3,9.9,8.5,9.3,1.5,0.6,2.2,11.7,0.4,0.1,0.5,.154,-0.4,0.6,0.1,0.1,,coffeam01
369,Moussa Cisse,23,DAL,C,34,1,425,14.7,.567,.000,.795,17.1,24.1,20.7,2.5,1.3,7.3,18.2,13.5,0.2,0.7,1.0,.108,-4.1,1.0,-3.0,-0.1,,cissemo01
370,Yanic Konan Niederhäuser,22,LAC,C,41,0,424,16.4,.691,.050,.620,10.5,21.3,16.1,4.2,0.6,6.7,15.3,15.7,0.8,0.5,1.3,.152,-2.5,0.4,-2.1,0.0,,konanya01
371,Daeqwon Plowden,27,SAC,SG,18,2,424,9.3,.524,.632,.192,5.1,10.0,7.5,6.0,1.0,0.9,5.6,14.4,0.3,0.0,0.3,.032,-3.2,-2.4,-5.6,-0.4,,plowdda01
372,Jahmai Mashack,23,MEM,SG,23,3,423,7.5,.455,.400,.142,4.1,7.7,5.9,9.4,3.1,2.4,14.1,14.5,-0.4,0.4,0.0,.000,-5.6,0.2,-5.4,-0.4,,mashaja01
373,Jamison Battle,24,TOR,SF,49,2,418,9.9,.633,.596,.083,4.5,15.0,9.7,5.8,0.7,0.5,12.4,13.2,0.3,0.4,0.7,.078,-2.0,-0.9,-2.9,-0.1,,battlja01
374,Ethan Thompson,26,IND,SG,24,6,417,7.0,.482,.625,.142,3.0,8.6,5.7,11.6,1.7,1.2,11.2,14.6,-0.2,0.3,0.0,.004,-4.6,-0.1,-4.7,-0.3,,thompet01
375,Tony Bradley,28,IND,C,38,3,416,13.1,.604,.019,.406,14.1,13.8,13.9,7.0,0.7,1.4,12.0,14.4,0.7,0.2,0.9,.104,-2.5,-1.6,-4.1,-0.2,,bradlto01
376,Jeremy Sochan,22,2TM,PF,38,0,411,10.2,.534,.342,.162,7.5,14.7,11.1,10.5,1.8,1.3,14.4,14.3,0.1,0.6,0.7,.085,-3.4,0.9,-2.5,-0.1,,sochaje01
376,Jeremy Sochan,22,SAS,PF,28,0,358,9.8,.538,.354,.162,8.0,13.8,10.9,10.3,1.3,1.2,14.5,14.6,0.1,0.5,0.6,.081,-3.5,0.4,-3.1,-0.1,,sochaje01
376,Jeremy Sochan,22,NYK,PF,10,0,53,13.2,.505,.250,.167,4.1,20.9,12.5,12.2,4.6,1.9,13.4,11.9,0.0,0.1,0.1,.118,-3.0,4.4,1.4,0.0,,sochaje01
377,Cam Christie,20,LAC,SG,44,0,410,9.2,.491,.390,.373,4.4,14.1,9.4,8.8,1.3,0.7,11.0,16.7,-0.1,0.3,0.2,.021,-3.2,-1.3,-4.5,-0.3,,chrisca02
378,Rasheer Fleming,21,PHO,PF,41,0,410,11.2,.520,.595,.130,11.0,11.1,11.1,3.4,1.3,2.8,9.2,15.8,0.2,0.4,0.6,.072,-2.0,-1.5,-3.4,-0.1,,flemira01
379,Bogdan Bogdanović,33,LAC,SG,18,3,389,8.3,.500,.609,.180,1.9,13.7,7.9,17.4,1.3,0.2,14.8,18.5,-0.2,0.3,0.1,.009,-2.9,-0.7,-3.7,-0.2,,bogdabo01
380,Devin Carter,23,SAC,PG,27,2,386,13.9,.491,.378,.311,6.1,14.3,10.1,21.4,2.7,1.2,13.5,23.7,-0.2,0.3,0.1,.011,-2.0,-0.5,-2.5,0.0,,cartede02
381,Maxi Kleber,34,LAL,PF,35,1,383,8.5,.545,.367,.367,8.5,11.9,10.2,7.2,1.7,2.4,15.7,9.4,0.2,0.3,0.6,.072,-3.8,0.4,-3.4,-0.1,,klebima01
382,Branden Carlson,26,OKC,C,35,2,376,15.9,.601,.455,.127,7.2,18.8,13.2,8.0,0.8,4.7,8.4,17.8,0.5,0.7,1.2,.152,-0.2,0.2,0.0,0.2,,carlsbr01
383,Julian Phillips,22,2TM,SF,42,2,364,10.4,.550,.541,.173,6.5,6.9,6.7,2.9,2.7,1.7,7.0,13.1,0.2,0.3,0.5,.070,-2.4,0.4,-2.0,0.0,,phillju01
383,Julian Phillips,22,CHI,SF,35,2,334,9.4,.533,.557,.125,7.1,6.9,7.0,2.7,2.4,1.6,7.0,12.6,0.1,0.3,0.4,.055,-2.8,0.0,-2.8,-0.1,,phillju01
383,Julian Phillips,22,MIN,SF,7,0,30,22.1,.672,.400,.600,0.0,7.2,3.7,4.6,6.4,2.9,7.3,19.2,0.1,0.1,0.1,.229,2.8,4.9,7.7,0.1,,phillju01
384,Sharife Cooper,24,WAS,PG,24,0,361,12.0,.588,.307,.283,2.9,10.7,6.8,22.5,1.1,0.5,19.2,20.4,0.1,0.0,0.1,.013,-2.5,-2.9,-5.4,-0.3,,coopesh01
385,Jeremiah Robinson-Earl,25,2TM,PF,22,3,361,9.4,.468,.410,.180,10.5,20.6,15.4,5.7,1.2,0.2,10.0,14.0,0.0,0.3,0.2,.033,-3.5,-1.7,-5.2,-0.3,,robinje02
385,Jeremiah Robinson-Earl,25,IND,PF,17,3,300,8.7,.443,.398,.169,11.1,20.9,15.9,5.4,1.1,0.3,10.1,14.0,-0.1,0.2,0.1,.019,-3.5,-1.8,-5.4,-0.3,,robinje02
385,Jeremiah Robinson-Earl,25,DAL,PF,5,0,61,13.0,.586,.471,.235,7.1,18.6,13.0,6.7,1.6,0.0,9.6,14.3,0.1,0.1,0.1,.103,-3.0,-1.0,-4.0,0.0,,robinje02
386,Pete Nance,25,MIL,PF,32,0,360,13.5,.697,.606,.000,4.4,15.7,10.1,7.6,1.2,1.4,13.3,14.7,0.4,0.2,0.7,.091,-0.1,-1.0,-1.1,0.1,,nancepe01
387,Cam Whitmore,21,WAS,SF,21,0,354,13.8,.528,.331,.183,5.6,11.9,8.7,6.6,2.0,2.0,9.0,23.6,-0.1,0.1,0.0,.004,-1.1,-2.1,-3.2,-0.1,,whitmca01
388,Larry Nance Jr.,33,CLE,PF,29,2,353,8.7,.479,.536,.052,7.7,15.6,11.6,9.7,2.0,1.1,11.6,13.3,0.0,0.4,0.5,.064,-4.1,0.6,-3.5,-0.1,,nancela02
389,Scoot Henderson,21,POR,PG,15,3,350,12.5,.562,.524,.317,3.3,10.0,6.6,27.2,0.7,1.3,19.1,26.7,0.1,0.2,0.3,.037,-1.4,-2.3,-3.6,-0.1,,hendesc01
390,Myron Gardner,24,MIA,SF,35,7,342,16.3,.616,.515,.228,10.4,21.9,16.2,13.8,2.3,1.3,9.0,14.4,0.8,0.6,1.4,.194,-0.2,2.1,1.9,0.3,,gardnmy01
391,Terrence Shannon Jr.,25,MIN,SG,29,0,342,7.2,.546,.455,.333,2.0,7.3,4.7,7.2,1.1,0.3,13.0,16.1,0.0,0.2,0.2,.033,-4.6,-1.3,-5.9,-0.3,,shannte01
392,Liam McNeeley,20,CHO,SF,28,0,342,9.4,.566,.659,.352,3.7,15.9,9.9,9.0,0.7,0.8,10.6,14.0,0.4,0.3,0.6,.089,-1.9,-0.3,-2.2,0.0,,mcneeli01
393,Trae Young,27,2TM,PG,13,13,338,20.9,.603,.465,.573,0.6,7.1,3.8,47.0,1.7,0.3,15.1,28.6,1.0,0.2,1.2,.167,4.1,-1.7,2.4,0.4,,youngtr01
393,Trae Young,27,ATL,PG,10,10,280,19.9,.577,.437,.541,0.0,5.8,2.9,45.6,1.7,0.3,13.5,28.8,0.7,0.2,0.9,.155,3.5,-1.8,1.6,0.3,,youngtr01
393,Trae Young,27,WAS,PG,3,3,58,25.8,.746,.636,.773,3.6,13.0,8.2,54.0,1.6,0.0,23.4,27.7,0.3,0.0,0.3,.225,7.0,-1.1,5.9,0.1,,youngtr01
394,Isaiah Livers,27,PHO,PF,33,0,332,8.2,.490,.639,.197,6.2,14.1,10.0,8.1,1.8,2.3,15.3,10.0,0.1,0.4,0.4,.063,-3.3,1.1,-2.2,0.0,,liveris01
395,AJ Johnson,21,2TM,SG,38,0,331,4.6,.402,.347,.182,2.9,11.2,7.0,13.4,1.1,0.0,15.0,19.4,-0.8,0.1,-0.7,-0.103,-6.6,-2.6,-9.2,-0.6,,johnsaj01
395,AJ Johnson,21,WAS,SG,25,0,214,4.4,.396,.301,.145,3.9,11.6,7.7,13.9,1.6,0.0,16.9,20.7,-0.6,0.0,-0.6,-0.131,-7.2,-3.4,-10.6,-0.5,,johnsaj01
395,AJ Johnson,21,DAL,SG,13,0,117,4.9,.413,.447,.263,0.9,10.6,5.9,12.4,0.4,0.0,10.5,17.0,-0.2,0.1,-0.1,-0.052,-5.6,-1.2,-6.8,-0.1,,johnsaj01
396,Moritz Wagner,28,ORL,C,25,0,324,17.9,.571,.358,.419,8.1,22.0,15.0,10.0,2.1,0.3,7.4,24.8,0.5,0.5,1.0,.146,0.0,-0.5,-0.5,0.1,,wagnemo01
397,Kelly Olynyk,34,SAS,C,36,0,322,12.4,.584,.483,.345,7.2,14.0,10.7,16.8,1.9,0.5,18.0,16.0,0.3,0.5,0.7,.111,-1.9,0.9,-1.0,0.1,,olynyke01
398,Taelon Peter,23,IND,SG,29,0,322,7.9,.484,.892,.098,1.9,11.5,6.5,13.3,2.4,1.1,14.5,16.3,-0.3,0.3,-0.1,-0.012,-3.9,-0.5,-4.5,-0.2,,peterta01
399,Nick Smith Jr.,21,LAL,SG,25,1,318,9.2,.530,.519,.083,0.8,6.4,3.7,12.6,1.4,0.6,12.1,21.5,-0.2,0.1,0.0,-0.006,-2.8,-2.4,-5.2,-0.3,,smithni01
400,Leonard Miller,22,2TM,SF,31,4,313,14.8,.621,.371,.200,6.7,20.0,13.4,7.8,1.5,1.7,12.3,17.5,0.3,0.3,0.6,.099,-1.7,0.1,-1.6,0.0,,millele01
400,Leonard Miller,22,MIN,SF,19,0,95,12.2,.581,.364,.333,8.3,20.5,14.5,7.5,2.0,0.0,19.2,20.8,0.0,0.1,0.1,.047,-5.2,-0.7,-5.9,-0.1,,millele01
400,Leonard Miller,22,CHI,SF,12,4,218,15.9,.641,.375,.139,6.0,19.7,13.0,8.0,1.3,2.4,8.4,16.1,0.4,0.2,0.6,.122,-0.2,0.4,0.2,0.1,,millele01
401,Christian Koloko,25,3TM,C,22,4,311,9.2,.459,.082,.164,9.6,15.1,12.3,5.7,2.0,6.2,15.5,10.3,-0.1,0.4,0.3,.054,-5.3,1.5,-3.8,-0.1,,kolokch01
401,Christian Koloko,25,LAL,C,2,0,6,-0.4,,,,0.0,19.0,9.7,0.0,0.0,0.0,,0.0,0.0,0.0,0.0,.022,-6.8,-1.7,-8.5,0.0,,kolokch01
401,Christian Koloko,25,MEM,C,11,2,195,9.0,.394,.029,.114,10.5,14.0,12.2,6.4,2.4,6.1,16.0,9.3,-0.1,0.3,0.2,.040,-4.7,1.8,-2.9,0.0,,kolokch01
401,Christian Koloko,25,ATL,C,9,2,110,9.9,.541,.154,.231,8.7,16.9,12.7,4.6,1.3,6.6,14.9,12.7,0.0,0.2,0.2,.080,-6.3,1.1,-5.2,-0.1,,kolokch01
402,Marcus Sasser,25,DET,PG,25,5,301,14.9,.592,.619,.124,1.9,8.0,5.0,21.3,3.0,0.7,13.1,18.8,0.4,0.5,0.9,.145,0.3,1.1,1.4,0.3,,sassema01
403,Blake Wesley,22,POR,SG,22,0,293,11.1,.515,.306,.337,2.5,8.2,5.3,25.9,2.6,0.9,18.2,19.0,0.0,0.3,0.2,.040,-3.3,0.2,-3.2,-0.1,,weslebl01
404,Jae'Sean Tate,30,HOU,SF,34,0,287,10.9,.567,.308,.090,8.6,9.5,9.1,8.1,1.6,1.0,11.0,13.3,0.3,0.3,0.6,.101,-3.0,-0.2,-3.2,-0.1,,tateja01
405,Elijah Harkless,25,UTA,SG,18,2,285,7.8,.471,.568,.500,1.9,8.2,5.0,16.1,2.8,0.7,14.2,15.3,-0.1,0.1,0.0,.000,-5.9,-0.3,-6.2,-0.3,,harklej01
406,Zach Edey,23,MEM,C,11,11,284,20.8,.669,.051,.327,16.3,30.3,23.2,6.5,1.2,6.8,18.8,20.2,0.4,0.5,0.9,.145,-0.5,1.2,0.7,0.2,,edeyza01
407,Yang Hansen,20,POR,C,39,1,277,3.3,.402,.430,.312,7.3,15.5,11.3,10.6,0.5,2.9,22.1,19.9,-0.7,0.2,-0.5,-0.092,-8.9,-0.9,-9.8,-0.5,,yangha01
408,Malaki Branham,22,WAS,SG,28,0,275,14.1,.604,.407,.374,4.6,12.5,8.5,11.8,1.7,1.0,12.4,18.3,0.3,0.1,0.4,.069,-0.8,-1.5,-2.3,0.0,,branhma01
409,Ty Jerome,28,MEM,SG,12,12,265,26.8,.628,.470,.321,3.6,9.0,6.3,43.7,2.5,0.7,10.7,33.6,1.0,0.2,1.2,.218,8.4,-0.6,7.7,0.7,,jeromty01
410,Brooks Barnhizer,23,OKC,SG,33,0,259,7.0,.446,.340,.120,4.8,18.5,11.9,8.6,1.1,1.5,13.2,10.1,-0.1,0.5,0.4,.070,-4.1,1.3,-2.8,-0.1,,barnhbr01
411,Duop Reath,29,POR,C,32,0,258,10.7,.613,.743,.081,4.1,11.9,7.9,5.4,0.9,2.8,8.4,13.1,0.3,0.2,0.5,.095,-0.8,-0.2,-1.0,0.1,,reathdu01
412,Kevon Looney,29,NOP,C,18,6,251,13.6,.468,.173,.154,17.9,23.4,20.6,12.8,1.1,3.4,12.6,10.5,0.3,0.2,0.5,.105,-1.5,-0.8,-2.3,0.0,,looneke01
413,Pat Connaughton,33,CHO,SG,32,0,248,13.4,.591,.613,.213,5.5,17.0,11.4,9.7,1.6,0.4,9.9,15.5,0.3,0.3,0.6,.114,0.2,0.0,0.2,0.1,,connapa01
414,KJ Simpson,23,2TM,PG,17,2,246,8.6,.428,.406,.188,3.8,11.7,7.8,24.2,3.2,0.0,18.8,22.0,-0.4,0.3,-0.1,-0.022,-5.0,0.4,-4.6,-0.2,,simpskj01
414,KJ Simpson,23,CHO,PG,14,2,223,7.8,.437,.438,.180,2.6,11.9,7.3,22.2,3.3,0.0,20.0,22.7,-0.5,0.3,-0.2,-0.038,-5.6,0.2,-5.4,-0.2,,simpskj01
414,KJ Simpson,23,DEN,PG,3,0,23,16.6,.317,.000,.286,15.4,9.4,12.3,43.7,2.1,0.0,0.0,14.9,0.1,0.0,0.1,.137,0.7,2.8,3.5,0.0,,simpskj01
415,Ron Harper Jr.,25,BOS,SF,20,2,238,11.8,.540,.813,.027,6.5,9.5,8.0,8.4,0.9,3.4,5.0,14.6,0.3,0.2,0.6,.113,0.1,0.3,0.5,0.2,,harpero02
416,Chris Paul,40,LAC,PG,16,0,228,8.2,.413,.536,.036,3.2,10.9,7.2,30.9,2.4,0.0,22.0,14.2,-0.1,0.2,0.1,.016,-3.9,-0.2,-4.1,-0.1,,paulch01
417,Bronny James,21,LAL,SG,32,1,224,9.6,.506,.460,.079,2.1,5.6,3.9,22.2,2.4,0.8,17.7,15.4,0.0,0.2,0.2,.035,-2.5,-0.9,-3.4,-0.1,,jamesbr02
418,Lindy Waters III,28,SAS,SG,34,0,222,7.6,.534,.879,.015,1.5,9.0,5.3,8.1,1.1,0.4,7.0,13.6,0.1,0.2,0.3,.064,-2.4,-0.1,-2.5,0.0,,waterli01
419,Khaman Maluach,19,PHO,C,32,0,222,11.2,.596,.208,.283,12.1,19.0,15.5,3.1,0.4,7.3,26.1,15.4,-0.1,0.3,0.2,.043,-5.2,-0.3,-5.4,-0.2,,maluakh01
420,Dejounte Murray,29,NOP,PG,8,8,216,22.4,.651,.349,.330,1.0,21.2,11.0,32.4,3.1,0.9,18.2,28.6,0.4,0.3,0.6,.136,3.0,1.8,4.8,0.4,,murrade01
421,PJ Hall,23,2TM,C,19,2,214,15.9,.599,.085,.492,17.6,21.7,19.6,6.6,0.7,4.3,18.2,17.3,0.3,0.3,0.5,.122,-1.5,-0.9,-2.4,0.0,,hallpj01
421,PJ Hall,23,MEM,C,7,0,27,18.9,.630,.333,.333,11.9,24.2,18.0,10.9,0.0,6.8,8.8,17.4,0.1,0.0,0.1,.163,1.8,0.1,1.9,0.0,,hallpj01
421,PJ Hall,23,CHO,C,12,2,187,15.4,.594,.040,.520,18.4,21.3,19.9,6.0,0.8,3.9,19.6,17.3,0.2,0.2,0.5,.116,-2.0,-1.0,-3.0,0.0,,hallpj01
422,Scotty Pippen Jr.,25,MEM,PG,10,6,212,14.8,.537,.333,.240,4.1,7.2,5.6,33.4,4.3,1.7,20.3,26.0,-0.1,0.3,0.2,.039,-2.5,-0.2,-2.7,0.0,,pippesc02
423,Joan Beringer,19,MIN,PF,31,1,209,18.1,.674,.000,.283,15.7,14.5,15.1,5.5,0.9,5.5,10.6,15.3,0.5,0.3,0.8,.184,-1.1,0.0,-1.1,0.0,,berinjo01
424,Andre Jackson Jr.,24,MIL,SG,34,0,205,4.7,.339,.576,.169,7.8,11.3,9.6,16.8,1.9,1.0,17.0,16.5,-0.4,0.1,-0.3,-0.064,-6.8,-1.5,-8.3,-0.3,,jacksan01
425,Taurean Prince,31,MIL,SF,10,0,202,7.0,.578,.708,.063,0.0,9.3,4.7,5.3,1.7,1.0,9.2,11.9,0.0,0.1,0.1,.032,-3.8,-0.6,-4.4,-0.1,,princta02
426,Cameron Payne,31,PHI,PG,12,1,199,16.6,.546,.679,.154,1.1,9.6,5.3,26.0,3.4,1.4,5.7,18.8,0.4,0.2,0.6,.149,0.8,1.2,2.0,0.2,,payneca01
427,Jordan McLaughlin,29,SAS,PG,33,0,196,10.1,.506,.525,.082,2.2,9.6,6.0,15.9,3.2,0.4,16.0,16.2,-0.1,0.3,0.2,.056,-3.3,1.7,-1.6,0.0,,mclaujo01
428,Garrison Mathews,29,IND,SG,15,1,196,11.3,.628,.885,.442,1.1,8.6,4.7,7.0,1.5,1.3,4.6,14.1,0.3,0.1,0.4,.102,-1.3,0.0,-1.3,0.0,,mathega01
429,Nigel Hayes-Davis,31,PHO,SF,27,0,195,4.2,.356,.348,.087,6.6,12.3,9.4,4.7,2.0,1.0,14.3,12.2,-0.3,0.2,-0.1,-0.025,-6.4,-0.9,-7.3,-0.3,,hayesni01
430,DaRon Holmes,23,DEN,PF,19,6,194,13.0,.682,.732,.196,3.7,12.8,8.4,11.2,0.0,1.9,11.6,15.5,0.4,0.1,0.4,.109,0.9,-1.5,-0.7,0.1,,holmeda01
431,Chaz Lanier,24,DET,SG,24,0,191,8.7,.484,.769,.077,4.1,6.9,5.5,9.4,1.3,0.0,2.9,15.0,0.1,0.2,0.3,.085,-2.3,-1.1,-3.5,-0.1,,laniech01
432,JD Davison,23,HOU,PG,25,0,184,9.7,.474,.519,.167,1.2,12.5,6.9,20.0,1.4,2.0,10.8,14.8,0.1,0.2,0.3,.075,-3.0,0.8,-2.3,0.0,,davisjd01
433,Zach Collins,28,CHI,C,10,0,184,18.0,.666,.328,.313,9.4,22.8,16.2,12.1,0.5,1.9,12.1,18.9,0.4,0.1,0.5,.140,1.0,-0.8,0.3,0.1,,colliza01
434,Keshad Johnson,24,MIA,SF,24,0,183,11.4,.518,.420,.304,9.5,15.2,12.3,1.5,1.8,2.9,11.3,19.5,-0.1,0.3,0.2,.055,-3.9,-0.8,-4.7,-0.1,,johnske10
435,Matisse Thybulle,28,POR,SG,15,0,180,17.6,.612,.654,.192,4.1,9.8,6.9,9.2,7.9,4.0,15.1,15.0,0.2,0.5,0.6,.168,-1.0,8.2,7.2,0.4,,thybuma01
436,Drew Timme,25,LAL,PF,21,0,179,14.3,.666,.373,.137,6.0,11.5,8.8,12.6,1.4,0.0,11.5,14.9,0.3,0.1,0.4,.119,0.4,-1.3,-0.9,0.1,,timmedr01
437,RayJ Dennis,24,3TM,PG,15,0,177,6.7,.416,.534,.123,4.7,9.5,7.1,23.5,1.1,1.9,16.3,22.0,-0.4,0.1,-0.3,-0.076,-4.1,-1.0,-5.1,-0.1,,dennira01
437,RayJ Dennis,24,IND,PG,13,0,168,6.5,.421,.528,.125,5.0,8.7,6.8,22.1,0.8,2.0,15.6,22.7,-0.4,0.1,-0.3,-0.081,-4.0,-1.4,-5.3,-0.1,,dennira01
437,RayJ Dennis,24,LAC,PG,1,0,4,-6.0,,,,0.0,56.5,29.1,0.0,0.0,0.0,100.0,11.1,0.0,0.0,0.0,-0.275,-15.4,-0.3,-15.6,0.0,,dennira01
437,RayJ Dennis,24,ATL,PG,1,0,5,22.0,.000,1.000,.000,0.0,0.0,0.0,89.1,9.4,0.0,0.0,8.3,0.0,0.0,0.0,.250,1.7,9.3,11.0,0.0,,dennira01
438,Chris Youngblood,23,OKC,SG,32,0,174,10.1,.505,.850,.167,4.5,12.6,8.7,8.2,1.1,1.7,3.0,16.5,0.1,0.3,0.4,.108,-2.6,-0.4,-3.0,0.0,,youngch01
439,Blake Hinson,26,UTA,SF,8,1,167,11.4,.649,.750,.071,4.5,8.0,6.2,5.1,0.0,0.6,3.3,14.8,0.3,-0.1,0.2,.062,0.2,-4.0,-3.8,-0.1,,hinsobl01
440,Obi Toppin,27,IND,PF,10,3,164,13.5,.521,.544,.324,3.8,26.0,14.5,13.7,1.7,0.0,9.3,22.1,0.0,0.2,0.2,.050,-1.3,0.0,-1.3,0.0,,toppiob01
441,DeAndre Jordan,37,NOP,C,10,6,163,14.8,.693,.000,.652,13.8,28.7,21.2,6.4,0.9,4.7,23.3,9.9,0.2,0.2,0.4,.119,-1.1,0.2,-0.9,0.0,,jordade01
442,Hunter Tyson,25,DEN,PF,21,2,162,6.5,.398,.635,.250,2.9,21.3,12.5,13.2,0.6,0.6,8.0,16.9,-0.2,0.1,-0.1,-0.015,-5.2,-1.7,-6.9,-0.2,,tysonhu01
443,Jonathan Mogbo,24,TOR,PF,27,0,160,9.4,.513,.000,.172,9.0,19.3,14.0,10.5,1.5,3.0,22.4,10.8,0.0,0.2,0.2,.062,-4.4,0.5,-3.9,-0.1,,mogbojo01
444,Leaky Black,26,WAS,SF,5,2,159,10.1,.600,.513,.154,4.6,13.5,9.0,5.9,0.6,2.2,8.8,12.0,0.2,0.0,0.2,.053,-2.2,-1.8,-4.0,-0.1,,blackle01
445,Jamal Cain,26,ORL,SF,23,0,154,8.7,.545,.469,.367,5.0,6.5,5.8,7.2,1.6,0.6,11.0,17.6,0.1,0.1,0.2,.058,-4.5,-1.3,-5.8,-0.1,,cainja01
446,Walker Kessler,24,UTA,C,5,5,154,20.8,.786,.216,.541,16.0,22.3,19.1,14.0,2.2,5.8,25.9,16.6,0.3,0.1,0.5,.151,1.6,1.7,3.3,0.2,,kesslwa01
447,Lachlan Olbrich,22,CHI,C,24,0,153,9.0,.465,.267,.333,11.3,20.6,16.0,14.1,1.2,1.1,16.9,11.4,0.1,0.1,0.2,.057,-4.5,0.2,-4.2,-0.1,,olbrila01
448,Doug McDermott,34,SAC,SF,15,0,153,7.3,.570,.960,.040,0.7,7.5,4.0,3.6,0.9,0.6,10.5,15.8,0.0,0.0,0.0,-0.010,-2.5,-2.7,-5.2,-0.1,,mcderdo01
449,Oscar Tshiebwe,26,UTA,C,12,1,153,15.4,.623,.000,.100,14.7,21.0,17.8,9.3,1.2,0.6,8.7,12.4,0.3,0.0,0.4,.115,-0.8,-2.4,-3.1,0.0,,tshieos01
450,Killian Hayes,24,SAC,PG,9,1,146,6.5,.342,.460,.120,1.5,11.8,6.5,27.6,1.6,0.0,7.1,16.5,-0.2,0.0,-0.1,-0.044,-6.6,-1.9,-8.6,-0.2,,hayeski01
451,Xavier Tillman Sr.,27,2TM,C,22,1,143,10.6,.461,.447,.000,12.6,14.4,13.5,7.3,2.1,2.1,13.6,13.3,0.0,0.2,0.2,.070,-2.9,0.1,-2.8,0.0,,tillmxa01
451,Xavier Tillman Sr.,27,BOS,C,14,1,111,11.3,.500,.484,.000,10.0,14.6,12.3,6.0,2.7,1.8,13.9,14.1,0.0,0.2,0.2,.079,-2.1,0.9,-1.2,0.0,,tillmxa01
451,Xavier Tillman Sr.,27,CHO,C,8,0,32,8.1,.286,.286,.000,21.5,13.8,17.6,12.0,0.0,2.9,12.5,10.6,0.0,0.0,0.0,.039,-5.4,-2.8,-8.1,-0.1,,tillmxa01
452,Jeff Green,39,HOU,PF,25,0,134,11.4,.543,.679,.057,4.2,11.4,7.8,4.2,0.4,0.7,1.8,17.4,0.2,0.1,0.3,.107,-0.6,-2.4,-3.0,0.0,,greenje02
453,Miles Kelly,23,DAL,PG,14,0,134,8.3,.484,.750,.023,4.0,14.7,9.5,12.1,1.4,0.6,11.9,15.8,-0.1,0.1,0.1,.019,-4.6,-0.4,-5.0,-0.1,,kellymi02
454,Mason Plumlee,35,2TM,C,16,2,133,14.0,.752,.000,1.000,9.4,26.6,18.1,16.4,2.9,0.0,34.2,8.3,0.2,0.2,0.4,.148,-1.4,2.9,1.6,0.1,,plumlma01
454,Mason Plumlee,35,CHO,C,14,2,125,13.5,.752,.000,1.000,9.2,26.6,18.0,16.5,2.4,0.0,34.2,8.9,0.2,0.2,0.4,.137,-1.5,2.6,1.0,0.1,,plumlma01
454,Mason Plumlee,35,SAS,C,2,0,8,21.4,,,,13.7,26.2,20.1,14.0,12.0,0.0,,0.0,0.0,0.0,0.1,.324,1.1,8.9,10.0,0.0,,plumlma01
455,Kevin McCullar Jr.,24,NYK,SF,19,0,127,7.5,.470,.500,.147,7.8,13.1,10.4,19.1,2.3,0.0,24.9,16.1,-0.1,0.2,0.1,.021,-4.9,0.4,-4.5,-0.1,,mcculke01
456,Julian Reese,22,WAS,PF,4,3,124,12.9,.629,.000,.800,14.4,20.8,17.6,8.3,1.9,1.4,25.0,12.1,0.1,0.1,0.2,.079,-2.8,-1.4,-4.2,-0.1,,reeseju01
457,Bradley Beal,32,LAC,SG,6,6,121,5.1,.476,.396,.167,2.0,2.8,2.4,12.1,1.2,0.0,14.9,22.2,-0.2,0.0,-0.2,-0.070,-6.6,-3.9,-10.5,-0.3,,bealbr01
458,Amari Williams,24,BOS,PF,18,2,119,9.2,.517,.000,.750,6.5,20.8,13.8,8.2,0.9,7.7,24.8,10.3,0.0,0.2,0.2,.073,-4.9,2.7,-2.2,0.0,,william01
459,Dereck Lively II,21,DAL,C,7,4,115,15.0,.670,.000,.556,13.2,20.7,17.0,14.8,1.6,8.0,30.9,11.8,0.1,0.2,0.3,.133,-3.0,3.6,0.6,0.1,,livelde01
460,A.J. Lawson,25,TOR,SG,14,0,110,12.1,.545,.537,.220,7.0,16.6,11.7,3.8,1.8,2.6,8.2,19.1,0.1,0.2,0.2,.092,-2.4,-0.4,-2.8,0.0,,lawsoaj01
461,Bismack Biyombo,33,SAS,C,19,1,108,4.7,.714,.000,.556,4.1,11.6,7.9,5.5,1.8,0.8,34.9,6.7,0.0,0.1,0.2,.069,-6.4,1.7,-4.7,-0.1,,biyombi01
462,Adou Thiero,21,LAL,SF,19,0,104,9.9,.551,.048,.476,8.1,14.2,11.2,7.4,2.3,1.8,16.4,12.7,0.1,0.1,0.2,.074,-4.6,0.0,-4.6,-0.1,,thierad01
463,Luke Travers,24,CLE,SG,12,0,103,10.3,.350,.444,.250,9.6,16.0,12.8,10.8,3.3,3.6,7.0,17.5,-0.1,0.2,0.1,.028,-4.2,1.0,-3.2,0.0,,travelu01
464,Alijah Martin,24,TOR,SG,16,0,102,12.4,.487,.412,.471,6.5,9.0,7.7,10.4,3.3,2.9,8.9,18.9,0.0,0.2,0.2,.083,-2.8,1.6,-1.2,0.0,,martial01
465,Yuki Kawamura,24,CHI,PG,9,0,102,13.7,.508,.800,.300,5.3,14.4,9.9,33.6,2.8,0.0,20.9,11.8,0.2,0.1,0.3,.119,-1.6,0.3,-1.4,0.0,,kawamyu01
466,LJ Cryer,24,GSW,PG,8,0,102,15.4,.669,.825,.275,3.2,12.0,7.5,7.3,0.5,0.0,4.3,19.4,0.3,0.1,0.3,.155,1.3,-1.6,-0.3,0.0,,cryerlj01
467,Malevy Leons,26,GSW,SF,13,0,101,13.4,.508,.346,.308,13.8,14.3,14.1,9.3,2.4,3.6,9.2,13.6,0.1,0.1,0.3,.124,-3.0,0.5,-2.4,0.0,,leonsma01
468,Alondes Williams,26,WAS,SG,4,0,101,19.2,.745,.538,.308,5.2,21.3,13.1,16.9,1.4,2.6,14.5,14.2,0.3,0.1,0.3,.159,1.4,-0.7,0.7,0.1,,willial06
469,Javonte Cooke,26,POR,SG,19,0,94,-0.1,.275,.561,.049,4.5,17.5,10.9,9.9,3.0,0.0,17.7,21.9,-0.5,0.1,-0.4,-0.184,-10.5,-1.3,-11.8,-0.2,,cookeja01
470,Chris Boucher,33,BOS,PF,9,0,94,7.8,.392,.600,.160,2.4,18.4,10.5,4.0,2.7,7.5,3.6,12.8,-0.1,0.2,0.1,.062,-5.8,2.7,-3.2,0.0,,bouchch01
471,Joe Ingles,38,MIN,SF,22,0,90,8.7,.607,.667,.222,0.0,8.4,4.3,26.4,3.7,0.0,44.7,8.4,0.0,0.1,0.1,.066,-3.2,2.5,-0.6,0.0,,inglejo01
472,Kobe Bufkin,22,LAL,SG,11,1,90,5.1,.397,.526,.211,1.3,10.1,5.8,7.4,1.1,3.1,8.8,22.0,-0.2,0.1,-0.2,-0.085,-7.2,-3.5,-10.6,-0.2,,bufkiko01
473,Johnny Juzang,24,MIN,SG,21,0,88,12.2,.518,.632,.211,6.4,14.8,10.7,9.7,1.1,1.0,10.7,22.3,0.0,0.1,0.1,.037,-1.6,-1.8,-3.4,0.0,,juzanjo01
474,Tolu Smith,25,DET,PF,7,0,88,16.2,.571,.000,.857,16.6,24.9,20.8,8.7,1.1,5.7,14.7,15.9,0.1,0.2,0.3,.174,-1.4,1.7,0.3,0.1,,smithto05
475,Nate Williams,26,GSW,SG,6,0,87,13.5,.593,.353,.265,12.4,2.6,7.5,10.3,1.1,0.0,11.6,20.9,0.1,0.0,0.2,.096,-1.0,-2.2,-3.2,0.0,,willije02
476,Pacôme Dadiet,20,NYK,SG,23,0,86,12.8,.527,.652,.261,3.8,19.4,11.5,13.2,1.7,1.2,3.8,13.2,0.1,0.1,0.3,.148,-0.2,2.1,1.9,0.1,,dadiepa01
477,Thanasis Antetokounmpo,33,MIL,SF,25,0,81,18.7,.576,.105,1.053,12.6,12.3,12.5,6.8,5.5,4.9,12.6,17.4,0.1,0.2,0.3,.154,-1.4,2.7,1.4,0.1,,antetth01
478,Jayson Tatum,27,BOS,PF,3,3,81,18.9,.499,.554,.125,2.7,24.0,13.5,22.5,1.9,0.0,6.3,33.8,0.0,0.1,0.2,.100,1.3,0.0,1.3,0.1,,tatumja01
479,E.J. Liddell,25,BRK,PF,13,0,79,10.1,.576,.565,.130,4.2,26.2,14.7,5.9,0.6,3.5,17.1,16.2,0.0,0.1,0.0,.012,-2.9,-1.3,-4.2,0.0,,liddeej01
480,Kyle Lowry,39,PHI,PG,9,0,76,6.5,.478,1.000,.500,0.0,8.9,4.4,14.6,1.3,1.2,12.0,9.3,0.0,0.0,0.1,.043,-4.9,-1.1,-6.0,-0.1,,lowryky01
481,Eric Gordon,37,PHI,SG,6,0,74,14.5,.754,.667,.095,1.5,1.5,1.5,5.9,2.6,1.3,12.1,14.2,0.1,0.0,0.2,.113,2.1,0.2,2.3,0.1,,gordoer01
482,MarJon Beauchamp,25,PHI,SF,4,0,72,19.6,.648,.548,.161,3.0,17.2,10.0,15.5,2.7,2.6,13.1,22.4,0.1,0.1,0.2,.136,4.0,-0.1,3.9,0.1,,beaucma01
483,Tyson Etienne,26,BRK,PG,11,0,70,3.4,.502,.889,.074,1.6,3.5,2.5,15.3,0.0,0.0,12.5,19.8,-0.1,0.0,-0.1,-0.049,-5.7,-4.5,-10.2,-0.1,,etienty01
484,Bobi Klintman,22,DET,SF,11,0,69,3.5,.366,.500,.115,8.1,20.7,14.5,11.2,2.1,0.0,18.0,20.0,-0.2,0.1,-0.1,-0.060,-8.3,-1.1,-9.4,-0.1,,klintbo01
485,David Jones García,24,SAS,SF,11,0,68,21.0,.579,.200,.240,6.5,13.9,10.3,37.8,4.2,1.3,15.3,20.3,0.1,0.1,0.3,.203,2.6,3.7,6.3,0.1,,jonesda06
486,Isaiah Crawford,24,HOU,SF,11,0,67,9.3,.508,.615,.308,3.3,13.0,8.3,7.5,1.5,4.1,11.9,10.5,0.0,0.1,0.1,.079,-2.2,1.0,-1.1,0.0,,crawfis01
487,Kadary Richmond,24,WAS,SG,3,0,67,20.1,.722,.250,.188,1.6,14.5,7.9,16.7,5.7,1.3,10.4,12.0,0.2,0.1,0.3,.179,-0.9,4.1,3.2,0.1,,richmka01
488,Antonio Reeves,25,CHO,SG,9,0,66,12.3,.675,.650,.000,3.5,10.1,6.8,4.4,0.7,0.0,4.8,13.4,0.1,0.0,0.2,.119,1.0,-0.2,0.9,0.0,,reevean01
489,Monte Morris,30,IND,PG,6,0,65,7.0,.414,.400,.200,1.6,10.4,5.8,19.1,0.7,1.3,8.4,15.5,-0.1,0.0,0.0,-0.024,-4.5,-1.5,-6.0,-0.1,,morrimo01
490,Drew Peterson,26,CHO,PF,6,0,64,0.6,.148,.750,.125,5.4,10.4,7.9,3.8,2.3,1.4,0.0,11.1,-0.2,0.1,-0.1,-0.082,-8.3,-1.6,-10.0,-0.1,,peterdr01
491,Trey Jemison,26,NYK,C,11,0,61,6.3,.605,.000,.143,14.4,14.6,14.5,6.0,0.8,3.3,44.6,9.4,0.0,0.1,0.0,.031,-7.2,-0.2,-7.4,-0.1,,jemistr01
492,James Wiseman,24,IND,C,4,1,58,4.1,.597,.000,.200,9.0,5.8,7.5,7.1,0.0,1.5,31.5,11.6,0.0,0.0,0.0,-0.025,-8.0,-1.0,-9.0,-0.1,,wisemja01
493,Patrick Baldwin Jr.,23,3TM,SF,7,0,58,10.5,.510,.563,.375,11.2,13.8,12.5,4.4,1.7,4.7,13.9,16.0,0.0,0.0,0.0,.013,-4.4,-1.3,-5.7,-0.1,,baldwpa01
493,Patrick Baldwin Jr.,23,LAC,SF,2,0,12,23.7,1.025,.750,.500,0.0,9.4,4.9,0.0,0.0,0.0,17.0,21.7,0.1,0.0,0.1,.213,5.2,-0.4,4.8,0.0,,baldwpa01
493,Patrick Baldwin Jr.,23,PHI,SF,1,0,2,6.3,,,,0.0,56.4,27.6,0.0,0.0,0.0,,0.0,0.0,0.0,0.0,.081,-5.1,-3.0,-8.1,0.0,,baldwpa01
493,Patrick Baldwin Jr.,23,SAC,SF,4,0,44,7.1,.327,.500,.333,14.7,13.0,13.9,5.8,2.2,6.2,12.7,15.2,-0.1,0.0,0.0,-0.045,-6.9,-1.5,-8.4,-0.1,,baldwpa01
494,Tyler Burton,25,MEM,SF,2,0,56,-5.5,.185,.667,.111,3.8,7.8,5.8,2.1,0.8,1.6,13.7,16.2,-0.3,0.0,-0.3,-0.228,-11.9,-5.3,-17.2,-0.2,,burtoty01
495,Johni Broome,23,PHI,C,11,0,55,0.4,.188,.208,.250,13.8,18.5,16.1,9.3,2.6,3.4,10.1,22.8,-0.3,0.1,-0.2,-0.215,-11.8,-4.5,-16.3,-0.2,,broomjo01
496,Cody Martin,30,IND,SF,4,0,55,3.0,.277,.500,.600,1.9,26.5,13.8,4.6,3.5,3.1,24.0,12.8,-0.2,0.1,-0.1,-0.100,-10.1,2.1,-7.9,-0.1,,martico01
497,Caleb Houstan,23,ATL,SF,12,0,54,10.2,.705,.800,.200,7.9,4.0,6.0,4.8,0.9,1.7,19.7,15.7,0.1,0.0,0.1,.073,-2.1,-2.3,-4.4,0.0,,houstca01
498,Wendell Moore Jr.,24,DET,SG,5,0,54,10.0,.635,.143,.286,2.1,10.2,6.2,6.8,1.8,3.7,11.3,6.8,0.1,0.1,0.1,.118,-2.5,1.8,-0.6,0.0,,moorewe01
499,Andersson Garcia,25,UTA,,2,0,54,7.5,.470,.273,.364,13.9,10.3,12.1,4.7,2.6,1.8,23.9,12.8,0.0,0.0,0.0,-0.008,-7.3,-1.7,-9.0,-0.1,,garcian01
500,Nikola Topić,20,OKC,PG,5,0,53,1.9,.500,.313,.000,4.3,11.8,8.2,25.1,0.0,0.0,40.7,22.1,-0.2,0.1,-0.2,-0.136,-8.2,-3.1,-11.3,-0.1,,topicni01
501,Haywood Highsmith,29,PHO,SF,4,0,53,13.0,.643,.600,.200,4.1,10.8,7.3,12.5,2.8,0.0,0.0,8.7,0.1,0.1,0.2,.172,-0.7,2.3,1.6,0.0,,highsha01
502,TyTy Washington Jr.,24,LAC,PG,8,0,52,18.0,.679,.500,.000,2.3,2.2,2.2,31.2,3.8,3.6,17.6,14.5,0.1,0.1,0.2,.170,3.0,2.9,5.9,0.1,,washity02
503,Seth Curry,35,GSW,SG,4,0,51,21.9,.737,.412,.176,6.3,6.5,6.4,20.9,1.9,0.0,0.0,15.2,0.2,0.0,0.3,.266,4.9,1.4,6.3,0.1,,curryse01
504,Lawson Lovering,22,MEM,C,2,1,49,13.7,.574,.000,.500,13.1,20.0,16.5,8.2,2.9,1.9,14.1,12.0,0.1,0.1,0.1,.116,-3.6,-0.1,-3.7,0.0,,loverla01
505,Keshon Gilbert,22,WAS,PG,3,0,48,4.5,.521,.500,1.000,4.4,6.7,5.5,7.4,2.0,7.4,51.0,10.2,-0.1,0.0,-0.1,-0.086,-6.3,-0.4,-6.8,-0.1,,gilbeke01
506,Jahmir Young,25,MIA,PG,10,0,47,5.9,.416,.350,.050,4.3,4.4,4.4,16.9,1.0,0.0,8.9,19.3,-0.1,0.0,0.0,-0.018,-6.9,-1.7,-8.6,-0.1,,youngja05
507,Chaney Johnson,23,BRK,SF,3,0,47,8.6,.750,.375,.000,2.4,10.4,6.2,12.6,2.1,2.0,27.3,10.2,0.0,0.0,0.1,.053,-3.5,0.3,-3.2,0.0,,johnsch06
508,Mac McClung,27,2TM,SG,4,0,47,8.5,.430,.480,.160,0.0,11.8,5.7,6.4,5.1,3.7,10.1,26.7,-0.2,0.1,-0.1,-0.085,-8.3,2.9,-5.4,0.0,,mccluma01
508,Mac McClung,27,IND,SG,3,0,34,12.9,.481,.556,.222,0.0,13.2,6.4,4.7,7.0,2.5,9.2,27.1,-0.1,0.1,0.0,-0.009,-5.6,6.1,0.5,0.0,,mccluma01
508,Mac McClung,27,CHI,SG,1,0,13,-3.2,.286,.286,.000,0.0,8.1,4.1,10.7,0.0,6.7,12.5,25.9,-0.1,0.0,-0.1,-0.281,-15.3,-5.4,-20.6,-0.1,,mccluma01
509,Garrett Temple,39,TOR,SG,16,0,46,3.7,.329,.750,.750,2.4,9.9,6.1,10.2,3.2,2.1,22.0,12.7,-0.1,0.1,0.0,-0.042,-7.6,1.2,-6.4,-0.1,,templga01
510,Mo Bamba,27,2TM,C,4,0,44,13.1,.455,.000,.000,24.4,30.3,27.3,3.1,0.0,6.7,15.4,12.3,0.0,0.0,0.1,.058,-4.6,-3.8,-8.4,-0.1,,bambamo01
510,Mo Bamba,27,TOR,C,2,0,6,-2.8,.000,.000,.000,18.4,19.0,18.7,0.0,0.0,16.2,0.0,14.3,0.0,0.0,0.0,-0.161,-18.9,-2.7,-21.6,0.0,,bambamo01
510,Mo Bamba,27,UTA,C,2,0,38,15.6,.556,.000,.000,25.4,32.0,28.7,3.6,0.0,5.2,18.2,12.0,0.0,0.0,0.1,.092,-2.3,-4.0,-6.3,0.0,,bambamo01
511,Isaiah Stevens,25,SAC,PG,3,0,43,16.5,.571,.143,.571,5.0,2.7,3.9,29.5,5.6,0.0,18.6,10.6,0.1,0.0,0.1,.132,-1.3,3.2,1.9,0.0,,steveis01
512,Jalen Slawson,26,IND,SF,2,0,43,10.7,.392,.636,.364,9.7,18.3,13.8,24.4,2.2,2.0,19.0,15.5,0.0,0.0,0.0,.014,-2.6,0.1,-2.5,0.0,,slawsja01
513,Trey Alexander,22,NOP,SG,5,0,42,13.6,.778,.333,.000,0.0,10.4,5.1,16.4,1.1,2.3,10.0,9.9,0.1,0.0,0.1,.131,0.4,0.2,0.6,0.0,,alexatr01
514,Dario Šarić,31,SAC,C,5,0,41,0.7,.363,.500,.333,2.6,14.0,8.1,5.8,0.0,0.0,22.5,9.2,-0.1,0.0,-0.1,-0.080,-6.8,-2.3,-9.0,-0.1,,saricda01
515,Skal Labissière,29,WAS,PF,3,0,38,16.4,.650,.500,.000,8.3,17.0,12.6,11.2,2.5,2.3,9.1,12.1,0.1,0.0,0.1,.124,-0.1,0.3,0.2,0.0,,labissk01
516,Charles Bassey,25,2TM,C,3,0,36,13.9,.436,.000,.333,20.9,24.2,22.5,7.2,1.3,5.2,8.8,13.1,0.0,0.0,0.1,.094,-2.2,-0.6,-2.8,0.0,,bassech01
516,Charles Bassey,25,MEM,C,2,0,31,12.7,.376,.000,.375,24.2,28.1,26.2,8.4,1.5,3.0,9.7,13.8,0.0,0.0,0.1,.079,-3.0,-1.4,-4.4,0.0,,bassech01
516,Charles Bassey,25,PHI,C,1,0,5,21.4,1.000,.000,.000,0.0,0.0,0.0,0.0,0.0,18.7,0.0,8.5,0.0,0.0,0.0,.190,2.9,4.0,6.9,0.0,,bassech01
517,Grant Nelson,23,BRK,PF,4,0,35,17.7,.634,.000,1.111,3.2,17.4,10.0,22.3,1.4,13.1,23.0,21.7,0.0,0.1,0.1,.099,-2.4,4.7,2.3,0.0,,nelsogr02
518,Tristan Enaruna,24,CLE,SF,6,0,34,9.8,.395,.313,.063,16.1,12.9,14.5,12.3,1.4,0.0,10.8,22.8,-0.1,0.0,0.0,-0.030,-4.5,-3.3,-7.8,-0.1,,enarutr01
519,Bez Mbeng,22,UTA,,1,0,34,4.8,.250,.375,.000,9.5,3.3,6.4,14.6,2.8,5.8,27.3,13.4,-0.1,0.0,-0.1,-0.120,-6.5,-1.1,-7.6,0.0,,mbengbe01
520,Emanuel Miller,25,CHI,PF,5,0,33,15.2,.540,.462,.154,3.3,6.4,4.8,17.5,2.9,0.0,0.0,17.7,0.1,0.0,0.1,.114,1.7,0.9,2.6,0.0,,milleem01
521,Jahmyl Telfort,24,LAC,PF,8,0,32,-5.4,.087,1.000,1.000,0.0,10.6,5.5,3.8,1.6,0.0,14.8,9.4,-0.1,0.0,-0.1,-0.164,-12.1,-1.7,-13.8,-0.1,,telfoja01
522,Curtis Jones,24,DEN,SG,6,0,31,1.4,.321,.643,.000,3.8,13.9,9.1,12.8,0.0,0.0,6.7,21.1,-0.1,0.0,-0.1,-0.138,-9.8,-5.8,-15.5,-0.1,,jonescu01
523,Hunter Sallis,22,PHI,SG,7,0,26,2.1,.595,.000,.400,0.0,4.3,2.1,20.9,0.0,3.6,46.0,17.7,-0.1,0.0,-0.1,-0.152,-7.7,-3.0,-10.7,-0.1,,sallihu01
524,Mark Sears,23,MIL,PG,7,0,26,15.3,.666,.615,.615,4.4,4.3,4.3,12.4,0.0,0.0,19.5,34.9,0.0,0.0,0.0,.018,2.3,-4.6,-2.3,0.0,,searsma01
525,Chris Mañon,24,LAL,SG,6,0,25,9.2,.347,1.000,1.000,4.8,22.8,14.0,4.6,5.8,7.5,25.8,6.8,0.0,0.1,0.0,.082,-6.4,5.7,-0.7,0.0,,manonch01
526,Orlando Robinson,25,ORL,C,4,1,25,14.7,.700,.400,.000,8.8,8.9,8.9,16.5,1.9,0.0,0.0,8.5,0.1,0.0,0.1,.199,0.7,0.6,1.3,0.0,,robinor01
527,Dalano Banton,26,2TM,PG,5,0,25,12.7,.506,.000,.222,4.8,0.0,2.3,24.9,2.0,4.0,16.8,20.8,0.0,0.0,0.0,.032,-4.4,-0.7,-5.0,0.0,,bantoda01
527,Dalano Banton,26,LAC,PG,2,0,10,27.9,.750,.000,.000,12.0,0.0,5.8,37.6,5.0,0.0,20.0,22.2,0.0,0.0,0.0,.227,7.3,5.2,12.5,0.0,,bantoda01
527,Dalano Banton,26,BOS,PG,3,0,15,2.5,.340,.000,.400,0.0,0.0,0.0,16.5,0.0,6.7,14.5,19.9,0.0,0.0,0.0,-0.098,-12.1,-4.6,-16.7,-0.1,,bantoda01
528,Dillon Jones,24,NYK,SF,5,0,24,16.9,.518,.600,.800,9.1,18.5,13.8,19.8,4.1,0.0,0.0,12.0,0.1,0.0,0.1,.254,-1.1,4.7,3.6,0.0,,jonesdi01
529,DeJon Jarreau,28,MEM,SG,1,0,24,6.7,.436,.333,.333,8.9,22.7,15.8,15.9,2.0,0.0,30.4,17.1,-0.1,0.0,0.0,-0.050,-5.7,-0.8,-6.6,0.0,,jarrede01
530,Isaac Jones,25,2TM,PF,5,1,24,9.4,.595,.400,.400,9.0,9.1,9.3,5.2,0.0,0.0,0.0,10.3,0.0,0.0,0.0,.090,-4.2,-1.8,-6.0,0.0,,jonesis01
530,Isaac Jones,25,SAC,PF,3,1,17,5.7,.521,.500,1.000,12.7,0.0,6.5,7.4,0.0,0.0,0.0,7.2,0.0,0.0,0.0,.060,-6.3,-1.9,-8.2,0.0,,jonesis01
530,Isaac Jones,25,DET,PF,2,0,7,18.4,.667,.333,.000,0.0,31.4,15.8,0.0,0.0,0.0,0.0,17.7,0.0,0.0,0.0,.163,1.0,-1.5,-0.6,0.0,,jonesis01
531,Koby Brea,23,PHO,SG,5,0,23,25.4,.810,.778,.222,0.0,9.9,4.8,20.7,0.0,0.0,0.0,18.3,0.1,0.0,0.2,.323,11.3,-0.5,10.8,0.1,,breako01
532,Brandon Clarke,29,MEM,PF,2,2,20,12.3,.372,.000,.444,21.5,10.9,16.2,7.0,4.7,0.0,0.0,22.3,0.0,0.0,0.0,.052,-4.7,-0.1,-4.8,0.0,,clarkbr01
533,Riley Minix,25,2TM,SF,5,0,19,27.2,.722,.444,.000,11.5,17.1,14.3,28.2,2.5,0.0,10.0,22.2,0.1,0.0,0.1,.244,6.8,3.0,9.8,0.1,,minixri01
533,Riley Minix,25,SAS,SF,3,0,8,44.9,.750,.500,.000,13.7,13.1,13.4,31.9,6.0,0.0,0.0,31.6,0.1,0.0,0.1,.427,18.0,7.3,25.3,0.1,,minixri01
533,Riley Minix,25,CLE,SF,2,0,11,14.3,.667,.333,.000,9.9,20.0,14.9,25.5,0.0,0.0,25.0,15.3,0.0,0.0,0.0,.111,-1.3,-0.2,-1.5,0.0,,minixri01
534,Harrison Ingram,23,SAS,SF,5,0,17,23.0,.900,.200,.000,19.4,0.0,9.5,9.0,0.0,0.0,0.0,12.4,0.1,0.0,0.1,.296,7.8,-0.7,7.2,0.0,,ingraha01
535,Jacob Toppin,25,ATL,SF,5,0,17,15.1,.667,.000,.000,0.0,6.4,3.2,8.9,0.0,5.3,0.0,14.7,0.0,0.0,0.0,.123,-0.2,0.4,0.2,0.0,,toppija01
536,Chris Livingston,22,CLE,SF,3,0,17,15.5,.605,.429,.143,0.0,19.4,9.7,8.9,2.8,0.0,0.0,18.4,0.0,0.0,0.1,.169,-4.7,2.0,-2.8,0.0,,livinch01
537,Buddy Boeheim,26,OKC,SF,4,0,15,4.7,.500,1.000,.000,0.0,0.0,0.0,0.0,0.0,0.0,0.0,17.3,0.0,0.0,0.0,.010,-3.9,-4.6,-8.4,0.0,,boehebu01
538,N'Faly Dante,24,ATL,C,4,0,15,12.4,.338,.000,.250,21.3,29.1,25.1,0.0,6.3,0.0,18.4,15.1,0.0,0.0,0.0,.046,-3.8,-1.0,-4.7,0.0,,nfalyda01
539,Norchad Omier,24,LAC,PF,3,0,14,28.9,.800,.200,.000,17.2,16.1,16.7,13.1,3.6,0.0,0.0,15.8,0.1,0.0,0.1,.330,4.1,0.5,4.6,0.0,,omierno01
540,Rocco Zikarsky,19,MIN,C,3,0,14,19.2,1.000,.000,.000,8.1,23.2,15.8,0.0,0.0,12.6,0.0,6.0,0.0,0.0,0.1,.223,2.0,1.1,3.0,0.0,,zikarro01
541,John Poulakidas,22,DAL,SG,1,0,14,-0.4,.000,.500,.000,7.7,29.5,18.9,16.6,0.0,0.0,33.3,9.0,0.0,0.0,0.0,-0.105,-9.9,-0.9,-10.8,0.0,,poulajo01
542,Chucky Hepburn,22,TOR,PG,2,0,13,-13.5,.000,.833,.000,0.0,8.8,4.3,17.7,3.8,0.0,14.3,23.1,-0.1,0.0,-0.1,-0.443,-20.8,-3.2,-24.0,-0.1,,hepbuch01
543,Vladislav Goldin,24,MIA,C,4,0,12,14.1,.667,.000,.000,8.5,25.7,17.1,22.6,0.0,7.5,25.0,13.5,0.0,0.0,0.0,.142,-5.0,5.8,0.8,0.0,,goldivl01
544,David Roddy,24,DEN,PF,2,0,12,10.1,.258,1.000,.667,9.8,27.0,18.8,18.9,4.1,0.0,0.0,14.1,0.0,0.0,0.0,.063,-5.1,1.1,-4.0,0.0,,roddyda01
545,Taj Gibson,40,MEM,C,1,0,12,1.9,.300,.400,.000,17.9,9.1,13.5,0.0,0.0,0.0,0.0,17.3,0.0,0.0,0.0,-0.070,-5.7,-8.1,-13.8,0.0,,gibsota01
546,John Tonje,24,BOS,SG,3,0,11,4.3,.347,1.000,1.000,0.0,19.6,9.9,10.4,0.0,0.0,0.0,11.4,0.0,0.0,0.0,.036,-11.1,-2.0,-13.2,0.0,,tonjejo01
547,Tosan Evbuomwan,24,NYK,SF,5,0,8,-0.3,.000,.000,.000,13.7,13.9,13.8,0.0,0.0,0.0,0.0,5.3,0.0,0.0,0.0,-0.024,-8.5,-3.0,-11.6,0.0,,evbuoto01
548,Enrique Freeman,25,MIN,PF,2,0,8,9.1,,,,0.0,40.6,20.7,0.0,0.0,11.0,,0.0,0.0,0.0,0.0,.104,-1.2,3.5,2.4,0.0,,freemen01
549,Stanley Umude,26,SAS,SG,2,0,7,11.6,.500,.500,.000,0.0,0.0,0.0,19.1,6.8,0.0,0.0,12.1,0.0,0.0,0.0,.161,-6.6,6.9,0.3,0.0,,umudest01
550,Colby Jones,23,DET,SG,1,0,7,13.0,.333,.667,.000,0.0,62.7,31.7,38.0,0.0,0.0,0.0,17.7,0.0,0.0,0.0,.124,-3.1,5.6,2.4,0.0,,jonesco02
551,Noa Essengue,19,CHI,PF,2,0,6,-12.1,.000,.667,.000,0.0,0.0,0.0,0.0,7.9,0.0,0.0,21.0,-0.1,0.0,-0.1,-0.420,-20.6,-3.1,-23.7,0.0,,essenno01
552,Trentyn Flowers,20,CHI,SF,2,0,6,16.8,.667,.333,.000,18.0,0.0,8.9,30.8,0.0,0.0,25.0,28.0,0.0,0.0,0.0,.024,1.8,-2.8,-0.9,0.0,,flowetr01
553,Sean Pedulla,23,LAC,PG,1,0,6,43.9,.750,1.000,.000,0.0,18.8,9.7,100.0,0.0,0.0,0.0,29.6,0.1,0.0,0.1,.693,18.8,-3.7,15.1,0.0,,pedulse01
554,Tyler Smith,21,DAL,PF,1,0,6,-23.5,.000,1.000,.000,0.0,17.2,8.8,0.0,0.0,0.0,25.0,28.0,-0.1,0.0,-0.1,-0.707,-24.8,-10.8,-35.6,0.0,,smithty02
555,Trevor Keels,22,MIA,SG,4,0,5,-22.6,.000,.750,.000,0.0,41.1,20.5,0.0,0.0,0.0,0.0,32.4,-0.1,0.0,-0.1,-0.684,-28.5,-11.4,-39.9,0.0,,keelstr01
556,Max Shulga,23,BOS,SG,3,0,5,-13.7,.000,.000,.000,0.0,0.0,0.0,0.0,0.0,0.0,0.0,8.7,0.0,0.0,0.0,-0.184,-24.0,-2.9,-26.9,0.0,,shulgma01
557,Hunter Dickinson,25,NOP,C,1,0,5,-11.0,.500,.000,.000,0.0,0.0,0.0,0.0,0.0,19.2,50.0,33.3,-0.1,0.0,-0.1,-0.521,-26.9,1.0,-26.0,0.0,,dickihu01
558,Darius Brown II,26,CLE,SG,1,0,3,-7.7,.000,.000,.000,0.0,36.6,18.3,0.0,0.0,0.0,0.0,14.0,0.0,0.0,0.0,-0.264,-16.2,-2.4,-18.6,0.0,,brownda04
,League Average,,,,,,,,.580,.415,.265,5.2,14.8,10.0,16.2,1.7,1.9,12.2,19.9,,,,,,,,,,-9999