Rk,Player,Age,Team,Pos,G,GS,MP,FG,FGA,FG%,3P,3PA,3P%,2P,2PA,2P%,eFG%,FT,FTA,FT%,ORB,DRB,TRB,AST,STL,BLK,TOV,PF,PTS,Awards,Player-additional
1,Luka Dončić,26,LAL,PG,54,54,35.5,10.6,22.2,.475,3.9,10.5,.367,6.7,11.7,.573,.562,7.9,10.2,.776,0.6,7.3,7.9,8.5,1.5,0.5,4.0,2.4,32.9,AS,doncilu01
2,Shai Gilgeous-Alexander,27,OKC,PG,55,55,33.6,10.9,19.7,.554,1.7,4.5,.383,9.2,15.2,.605,.598,8.2,9.2,.895,0.5,4.0,4.5,6.6,1.4,0.8,2.1,2.0,31.8,AS,gilgesh01
3,Anthony Edwards,24,MIN,SG,57,57,35.5,10.2,20.6,.494,3.5,8.6,.402,6.7,11.9,.560,.578,5.9,7.3,.803,0.6,4.5,5.1,3.7,1.4,0.8,2.8,1.8,29.7,AS,edwaran01
4,Tyrese Maxey,25,PHI,PG,61,61,38.3,10.1,21.9,.461,3.3,8.9,.373,6.8,13.0,.521,.537,5.5,6.1,.893,0.3,3.8,4.1,6.7,2.0,0.8,2.4,2.2,29.0,AS,maxeyty01
5,Nikola Jokić,30,DEN,C,51,51,34.7,10.1,17.6,.573,1.9,4.8,.389,8.2,12.8,.642,.626,6.6,7.9,.837,3.0,9.6,12.7,10.4,1.4,0.8,3.8,2.7,28.7,AS,jokicni01
6,Jaylen Brown,29,BOS,SF,59,59,34.1,10.4,21.8,.479,2.0,5.7,.347,8.5,16.1,.525,.524,5.6,7.1,.785,1.1,6.0,7.1,5.2,1.0,0.4,3.6,2.7,28.4,AS,brownja02
7,Kawhi Leonard,34,LAC,SF,52,52,32.4,9.8,19.5,.500,2.6,6.8,.379,7.2,12.7,.565,.566,6.1,6.8,.903,1.0,5.3,6.3,3.8,2.0,0.4,2.1,1.3,28.3,AS,leonaka01
8,Donovan Mitchell,29,CLE,SG,59,59,33.4,9.8,20.3,.483,3.4,9.2,.365,6.4,11.1,.580,.565,5.2,6.1,.856,0.7,3.7,4.5,5.8,1.6,0.3,3.0,2.3,28.2,AS,mitchdo01
9,Giannis Antetokounmpo,31,MIL,PF,35,35,29.0,10.3,16.5,.628,0.4,1.3,.333,9.9,15.2,.653,.641,6.4,9.8,.648,2.6,7.0,9.7,5.4,1.0,0.7,3.3,2.4,27.5,AS,antetgi01
10,Stephen Curry,37,GSW,PG,39,39,31.3,8.9,19.1,.468,4.5,11.5,.391,4.4,7.6,.584,.585,4.9,5.2,.931,0.4,3.1,3.5,4.8,1.1,0.4,2.8,1.9,27.2,AS,curryst01
11,Lauri Markkanen,28,UTA,PF,42,42,34.4,9.1,19.2,.477,2.7,7.7,.355,6.4,11.5,.559,.548,5.7,6.4,.896,2.0,4.9,6.9,2.1,1.0,0.5,1.5,1.8,26.7,,markkla01
12,Joel Embiid,31,PHI,C,33,33,31.2,9.0,18.2,.495,1.3,4.0,.318,7.7,14.2,.545,.530,7.3,8.5,.858,2.0,5.5,7.5,3.9,0.6,1.1,3.0,2.1,26.6,,embiijo01
13,Jalen Brunson,29,NYK,PG,63,63,34.9,9.3,20.0,.464,2.8,7.4,.377,6.5,12.7,.514,.533,4.9,5.8,.841,0.5,3.0,3.5,6.6,0.7,0.1,2.3,2.3,26.3,AS,brunsja01
14,Kevin Durant,37,HOU,SF,63,63,36.5,9.2,17.8,.515,2.3,5.7,.406,6.9,12.1,.566,.580,5.3,6.0,.886,0.6,4.9,5.5,4.5,0.8,0.9,3.2,1.9,26.0,AS,duranke01
15,Jamal Murray,28,DEN,PG,62,62,35.0,8.9,18.4,.484,3.1,7.3,.429,5.8,11.1,.520,.569,4.7,5.3,.882,0.4,3.9,4.3,7.1,0.9,0.4,2.3,1.6,25.7,AS,murraja01
16,Devin Booker,29,PHO,SG,51,51,33.4,8.3,18.4,.452,1.9,5.7,.328,6.4,12.7,.508,.503,6.9,7.9,.871,0.8,3.2,4.0,6.0,0.9,0.3,3.2,2.6,25.4,AS,bookede01
17,Cade Cunningham,24,DET,PG,59,59,34.8,8.8,19.1,.460,2.1,5.9,.350,6.7,13.2,.509,.514,5.1,6.3,.811,0.9,4.8,5.7,10.1,1.5,0.9,3.7,3.2,24.7,AS,cunnica01
18,James Harden,36,2TM,PG,57,57,34.9,7.1,16.5,.432,3.1,8.4,.366,4.0,8.1,.500,.525,6.9,7.8,.887,0.6,4.3,4.9,8.1,1.1,0.4,3.6,1.9,24.2,,hardeja01
18,James Harden,36,LAC,PG,44,44,35.4,7.3,17.5,.419,3.1,8.8,.347,4.3,8.7,.492,.506,7.7,8.5,.901,0.6,4.2,4.8,8.1,1.3,0.4,3.7,1.9,25.4,,hardeja01
18,James Harden,36,CLE,PG,13,13,33.1,6.3,12.8,.491,3.1,6.8,.449,3.2,6.0,.538,.611,4.2,5.2,.809,0.7,4.5,5.2,7.8,0.5,0.5,3.3,1.8,19.9,,hardeja01
19,Michael Porter Jr.,27,BRK,SF,52,52,32.5,8.5,18.4,.463,3.4,9.3,.363,5.2,9.1,.567,.555,3.8,4.4,.859,1.3,5.7,7.1,3.0,1.1,0.3,2.3,2.2,24.2,,portemi01
20,Victor Wembanyama,22,SAS,C,51,42,29.3,8.2,16.2,.506,1.9,5.3,.360,6.3,10.9,.578,.565,5.9,7.2,.815,1.9,9.2,11.1,2.9,1.0,3.0,2.6,2.6,24.2,AS,wembavi01
21,Deni Avdija,25,POR,SF,51,51,33.3,7.5,16.0,.465,2.0,6.1,.335,5.4,10.0,.543,.528,7.2,8.9,.804,1.1,5.8,6.9,6.7,0.8,0.6,3.8,2.6,24.1,AS,avdijde01
22,Pascal Siakam,31,IND,PF,55,55,33.5,9.0,18.5,.484,1.7,4.8,.362,7.2,13.7,.527,.531,4.3,6.2,.682,1.5,5.2,6.7,3.9,1.1,0.4,2.2,2.4,24.0,AS,siakapa01
23,Austin Reaves,27,LAL,SG,40,34,33.7,7.5,15.1,.500,2.5,6.5,.380,5.1,8.6,.590,.581,6.4,7.3,.873,0.7,4.1,4.8,5.5,1.1,0.4,3.0,2.2,23.9,,reaveau01
24,Keyonte George,22,UTA,PG,54,54,33.1,7.4,16.3,.456,2.5,6.7,.371,5.0,9.6,.515,.532,6.2,7.0,.892,0.4,3.3,3.7,6.1,1.1,0.3,3.1,2.2,23.6,,georgke01
25,Jalen Johnson,24,ATL,SF,59,59,35.2,8.5,17.1,.495,1.6,4.5,.351,6.9,12.6,.547,.541,4.4,5.7,.782,1.4,8.9,10.4,8.0,1.3,0.5,3.3,2.2,22.9,AS,johnsja05
26,Norman Powell,32,MIA,SG,49,49,30.0,7.5,15.8,.473,2.8,7.3,.390,4.7,8.6,.543,.563,4.7,5.7,.827,0.4,3.3,3.6,2.6,1.2,0.2,2.0,2.1,22.5,AS,powelno01
27,Paolo Banchero,23,ORL,PF,55,55,34.9,7.5,16.1,.463,1.2,3.8,.308,6.3,12.3,.511,.499,6.1,7.9,.771,1.1,7.5,8.6,5.0,0.6,0.6,2.9,1.9,22.2,,banchpa01
28,Tyler Herro,26,MIA,SG,20,15,30.6,8.1,16.2,.500,2.6,6.4,.402,5.6,9.9,.563,.579,3.3,3.6,.917,0.6,4.0,4.6,3.7,0.8,0.4,1.9,1.8,22.1,,herroty01
29,Trey Murphy III,25,NOP,SF,59,59,35.4,7.6,16.1,.474,3.3,8.5,.388,4.3,7.6,.569,.576,3.4,3.8,.885,1.0,4.6,5.7,3.9,1.5,0.3,1.8,2.1,21.9,,murphtr02
30,Brandon Ingram,28,TOR,SF,64,64,34.1,8.1,17.2,.470,1.8,4.8,.375,6.3,12.4,.507,.522,3.8,4.6,.820,0.8,4.9,5.7,3.8,0.8,0.7,2.5,1.9,21.7,AS,ingrabr01
31,LeBron James,41,LAL,SF,45,45,33.1,8.0,15.9,.505,1.4,4.5,.310,6.6,11.4,.582,.549,3.9,5.3,.743,0.8,4.9,5.7,7.0,1.1,0.6,3.1,1.3,21.4,AS,jamesle01
32,Shaedon Sharpe,22,POR,SG,48,42,30.0,8.0,17.6,.456,2.1,6.2,.340,5.9,11.5,.518,.515,3.2,4.0,.784,1.0,3.4,4.4,2.6,1.4,0.1,3.0,2.0,21.4,,sharpsh01
33,Zion Williamson,25,NOP,PF,51,44,29.7,8.0,13.6,.588,0.0,0.1,.250,8.0,13.5,.590,.589,5.5,7.6,.716,2.2,3.7,5.9,3.3,1.0,0.6,2.1,2.3,21.4,,willizi01
34,Franz Wagner,24,ORL,SF,28,26,31.8,7.3,15.3,.479,1.5,4.1,.365,5.8,11.2,.521,.528,5.1,6.2,.828,1.5,4.3,5.8,3.6,1.1,0.3,1.7,2.3,21.3,,wagnefr01
35,Dillon Brooks,30,PHO,SF,50,50,30.6,7.7,17.4,.440,2.3,6.8,.343,5.3,10.6,.502,.507,3.2,3.8,.856,0.8,2.9,3.7,1.8,1.0,0.2,1.8,3.3,20.9,,brookdi01
36,Julius Randle,31,MIN,PF,67,67,33.0,7.3,15.2,.480,1.4,4.5,.306,5.9,10.7,.553,.525,5.0,6.1,.818,1.7,5.2,6.9,5.1,1.1,0.2,2.7,2.8,20.9,,randlju01
37,Brandon Miller,23,CHO,SF,50,50,30.2,7.1,16.5,.433,3.1,8.1,.379,4.1,8.4,.484,.526,3.3,3.7,.892,1.1,4.0,5.1,3.4,1.1,0.8,2.9,2.8,20.7,,millebr02
38,Desmond Bane,27,ORL,SG,65,65,34.3,7.4,15.1,.490,2.0,5.2,.389,5.4,9.9,.543,.557,3.8,4.1,.922,1.2,2.9,4.2,4.2,1.0,0.4,2.0,3.1,20.6,,banede01
39,Anthony Davis,32,DAL,PF,20,20,31.3,8.5,16.7,.506,0.5,1.9,.270,8.0,14.9,.535,.521,3.0,4.1,.728,3.1,8.0,11.1,2.8,1.1,1.7,2.1,2.1,20.4,,davisan02
40,Alperen Şengün,23,HOU,C,58,58,33.4,7.9,15.8,.503,0.5,1.8,.279,7.4,14.0,.532,.519,3.8,5.5,.686,3.0,5.9,8.9,6.1,1.2,1.1,3.3,3.2,20.2,AS,sengual01
41,Ty Jerome,28,MEM,SG,12,12,22.1,6.8,14.0,.482,2.7,6.6,.405,4.1,7.4,.551,.577,3.9,4.5,.870,0.8,1.8,2.6,5.4,1.2,0.2,1.9,2.1,20.1,,jeromty01
42,Bam Adebayo,28,MIA,C,59,59,31.7,7.0,15.7,.444,1.7,5.3,.324,5.3,10.4,.506,.499,4.4,5.6,.779,2.1,7.7,9.8,2.9,1.1,0.7,1.7,1.7,20.0,,adebaba01
43,Nickeil Alexander-Walker,27,ATL,SG,63,56,33.2,6.8,15.4,.440,3.1,8.1,.378,3.7,7.3,.509,.540,3.4,3.8,.895,0.6,2.9,3.4,3.7,1.2,0.5,2.2,2.2,20.0,,alexani01
44,Jimmy Butler,36,GSW,SF,38,38,31.1,6.3,12.2,.519,0.8,2.2,.376,5.5,9.9,.552,.554,6.5,7.6,.864,2.3,3.2,5.6,4.9,1.4,0.2,1.6,1.2,20.0,,butleji01
45,Cooper Flagg,19,DAL,SF,55,55,33.6,7.7,16.4,.469,1.0,3.5,.295,6.7,12.9,.515,.500,3.7,4.5,.808,1.2,5.4,6.6,4.3,1.1,0.9,2.2,2.1,20.0,,flaggco01
46,Karl-Anthony Towns,30,NYK,C,63,63,31.3,6.8,13.8,.493,1.6,4.3,.370,5.2,9.5,.547,.550,4.8,5.7,.854,3.0,8.8,11.9,2.9,0.9,0.6,2.5,3.6,20.0,AS,townska01
47,Dejounte Murray,29,NOP,PG,8,8,27.0,7.3,13.3,.547,1.6,4.6,.351,5.6,8.6,.652,.608,3.6,4.4,.829,0.3,5.3,5.5,5.3,1.8,0.3,3.4,2.9,19.8,,murrade01
48,Jayson Tatum,27,BOS,PF,3,3,27.0,7.3,18.7,.393,3.0,10.3,.290,4.3,8.3,.520,.473,2.0,2.3,.857,0.7,6.0,6.7,3.7,1.0,0.0,1.3,1.3,19.7,,tatumja01
49,Ja Morant,26,MEM,PG,20,20,28.5,6.6,16.1,.410,1.0,4.3,.235,5.6,11.9,.473,.441,5.3,5.9,.897,0.4,2.9,3.3,8.1,1.0,0.3,3.6,2.0,19.5,,moranja01
50,Jaren Jackson Jr.,26,2TM,C,48,48,30.3,7.1,15.0,.476,1.8,4.9,.357,5.4,10.1,.533,.534,3.4,4.2,.803,0.9,4.8,5.7,2.0,1.1,1.4,2.2,3.7,19.4,,jacksja02
50,Jaren Jackson Jr.,26,MEM,C,45,45,30.7,7.1,14.9,.475,1.8,4.9,.359,5.3,10.0,.531,.534,3.3,4.2,.797,0.9,4.8,5.8,1.9,1.0,1.5,2.2,3.8,19.2,,jacksja02
50,Jaren Jackson Jr.,26,UTA,C,3,3,24.0,8.0,16.3,.490,1.7,5.0,.333,6.3,11.3,.559,.541,4.7,5.3,.875,0.3,4.0,4.3,2.7,2.0,0.3,2.3,3.0,22.3,,jacksja02
51,LaMelo Ball,24,CHO,PG,57,54,27.7,6.8,17.1,.399,3.5,9.7,.364,3.3,7.4,.445,.503,2.1,2.4,.904,0.9,4.0,4.8,7.2,1.1,0.2,2.8,2.6,19.4,,ballla01
52,Kon Knueppel,20,CHO,SF,66,65,32.0,6.6,13.5,.489,3.5,8.0,.440,3.1,5.5,.561,.620,2.5,2.9,.874,1.2,4.1,5.3,3.4,0.7,0.2,2.1,2.2,19.2,,knuepko01
53,Zach LaVine,30,SAC,SG,39,37,31.4,6.7,14.0,.479,2.5,6.5,.390,4.2,7.5,.556,.569,3.2,3.6,.880,0.2,2.6,2.8,2.3,0.7,0.3,1.9,2.1,19.2,,lavinza01
54,De'Aaron Fox,28,SAS,PG,57,57,31.5,7.2,14.7,.492,1.9,5.6,.346,5.3,9.1,.582,.558,2.7,3.6,.749,0.6,3.1,3.7,6.4,1.2,0.2,2.3,2.3,19.1,AS,foxde01
55,RJ Barrett,25,TOR,SF,42,42,30.0,6.9,14.0,.489,1.7,5.0,.348,5.1,9.0,.567,.551,3.3,4.7,.698,0.9,4.5,5.5,3.3,0.8,0.3,1.6,2.5,18.8,,barrerj01
56,Jerami Grant,31,POR,PF,51,32,29.7,5.8,12.8,.452,2.3,6.0,.387,3.5,6.8,.509,.542,4.9,6.0,.819,0.9,2.5,3.5,2.2,0.7,0.6,2.1,2.5,18.8,,grantje01
57,Scottie Barnes,24,TOR,PF,64,64,34.3,7.3,14.7,.499,0.9,3.0,.299,6.4,11.6,.551,.530,3.2,3.8,.837,2.0,5.8,7.8,5.3,1.4,1.5,2.7,2.8,18.7,AS,barnesc01
58,Jalen Duren,22,DET,C,56,56,27.6,7.3,11.4,.638,0.0,0.0,,7.3,11.4,.638,.638,4.1,5.7,.725,3.8,6.8,10.6,1.7,0.9,0.9,1.7,2.8,18.7,AS,durenja01
59,Bennedict Mathurin,23,2TM,SF,42,25,31.0,5.8,13.4,.432,1.6,5.0,.332,4.1,8.4,.492,.494,5.2,6.0,.870,1.0,4.6,5.6,2.3,0.8,0.2,2.2,2.8,18.5,,mathube01
59,Bennedict Mathurin,23,IND,SF,28,24,31.8,5.5,12.8,.433,2.1,5.6,.372,3.5,7.2,.480,.514,4.6,5.2,.884,0.8,4.6,5.4,2.3,0.6,0.1,2.3,2.7,17.8,,mathube01
59,Bennedict Mathurin,23,LAC,SF,14,1,29.4,6.3,14.6,.431,0.8,3.7,.212,5.5,10.9,.507,.458,6.5,7.6,.850,1.4,4.6,6.1,2.4,1.1,0.4,2.1,2.9,19.9,,mathube01
60,CJ McCollum,34,2TM,SG,61,45,29.9,6.8,15.1,.448,2.5,6.7,.368,4.3,8.3,.513,.530,2.5,3.3,.779,0.8,2.7,3.5,3.7,0.8,0.4,1.8,1.8,18.5,,mccolcj01
60,CJ McCollum,34,WAS,SG,35,35,30.9,6.9,15.1,.454,2.7,7.0,.393,4.1,8.1,.505,.544,2.3,2.9,.804,0.7,2.9,3.5,3.6,0.7,0.3,1.7,2.1,18.8,,mccolcj01
60,CJ McCollum,34,ATL,PG,26,10,28.5,6.6,15.0,.441,2.1,6.4,.331,4.5,8.6,.522,.512,2.8,3.7,.753,1.0,2.4,3.4,3.7,0.8,0.5,2.0,1.5,18.2,,mccolcj01
61,DeMar DeRozan,36,SAC,PF,66,66,31.7,6.4,13.1,.492,0.6,2.0,.323,5.8,11.1,.523,.517,4.9,5.6,.865,0.4,2.6,3.0,3.9,1.1,0.3,1.2,2.0,18.4,,derozde01
62,Trae Young,27,2TM,PG,13,13,26.0,5.3,12.1,.439,1.8,5.6,.329,3.5,6.5,.536,.516,5.8,6.9,.833,0.2,1.7,1.8,8.4,0.9,0.1,2.7,2.1,18.2,,youngtr01
62,Trae Young,27,ATL,PG,10,10,28.0,5.6,13.5,.415,1.8,5.9,.305,3.8,7.6,.500,.481,6.3,7.3,.863,0.0,1.5,1.5,8.9,1.0,0.1,2.6,2.0,19.3,,youngtr01
62,Trae Young,27,WAS,PG,3,3,19.3,4.3,7.3,.591,2.0,4.7,.429,2.3,2.7,.875,.727,4.0,5.7,.706,0.7,2.3,3.0,6.7,0.7,0.0,3.0,2.3,14.7,,youngtr01
63,Josh Giddey,23,CHI,PG,45,42,31.9,6.3,13.7,.459,2.0,5.2,.386,4.3,8.5,.503,.532,3.4,4.5,.760,1.3,7.2,8.4,8.8,1.0,0.4,3.6,1.6,18.0,,giddejo01
64,Darius Garland,26,2TM,PG,31,29,29.6,6.5,14.4,.454,2.5,6.5,.378,4.1,7.9,.516,.539,2.5,2.9,.844,0.5,2.0,2.4,6.7,0.8,0.1,2.8,1.8,17.9,,garlada01
64,Darius Garland,26,CLE,PG,26,26,30.5,6.5,14.5,.451,2.3,6.3,.360,4.3,8.2,.521,.529,2.6,3.0,.861,0.5,2.0,2.4,6.9,0.8,0.1,2.8,1.8,18.0,,garlada01
64,Darius Garland,26,LAC,PG,5,3,25.4,6.4,13.6,.471,3.4,7.4,.459,3.0,6.2,.484,.596,1.6,2.2,.727,0.4,2.0,2.4,5.8,1.0,0.0,3.0,1.6,17.8,,garlada01
65,Evan Mobley,24,CLE,PF,52,50,32.3,7.0,13.3,.526,1.2,3.7,.313,5.8,9.6,.608,.570,2.8,4.6,.618,2.3,6.4,8.7,3.6,0.8,1.8,1.9,2.5,17.9,,mobleev01
66,Amen Thompson,23,HOU,PG,64,64,37.0,6.8,13.2,.519,0.4,1.6,.223,6.5,11.5,.560,.533,3.8,4.9,.768,2.9,4.8,7.7,5.3,1.5,0.6,2.5,2.2,17.8,,thompam01
67,Miles Bridges,27,CHO,PF,62,62,31.8,6.3,14.1,.445,2.0,6.2,.326,4.2,7.9,.538,.517,2.9,3.5,.834,1.0,4.9,5.9,3.4,0.6,0.5,1.5,1.7,17.5,,bridgmi02
68,Derrick White,31,BOS,SG,63,63,34.3,6.0,15.3,.394,2.9,8.7,.327,3.2,6.5,.485,.488,2.6,2.9,.900,1.1,3.3,4.4,5.7,1.2,1.4,1.7,1.5,17.5,,whitede01
69,Jalen Williams,24,OKC,SG,26,26,29.0,6.7,14.0,.479,0.8,2.5,.313,6.0,11.6,.515,.507,3.3,3.9,.833,0.7,4.0,4.7,5.4,1.3,0.3,1.9,2.1,17.5,,willija06
70,Jalen Green,23,PHO,SG,19,14,24.6,6.5,16.0,.408,2.4,7.8,.309,4.1,8.2,.503,.484,1.9,2.6,.755,0.4,2.9,3.3,2.5,1.3,0.1,2.3,1.1,17.4,,greenja05
71,Coby White,25,2TM,SG,36,26,27.0,5.5,12.8,.431,2.3,6.6,.343,3.3,6.2,.525,.519,4.0,4.9,.803,0.2,3.2,3.4,4.5,0.6,0.1,2.8,2.3,17.3,,whiteco01
71,Coby White,25,CHI,SG,29,26,29.1,5.9,13.6,.438,2.5,7.2,.346,3.4,6.4,.541,.529,4.3,5.3,.805,0.2,3.5,3.7,4.7,0.7,0.1,3.0,2.4,18.6,,whiteco01
71,Coby White,25,CHO,SG,7,0,18.6,3.9,9.9,.391,1.4,4.4,.323,2.4,5.4,.447,.464,2.7,3.4,.792,0.1,2.1,2.3,3.6,0.4,0.1,1.7,1.7,11.9,,whiteco01
72,Grayson Allen,30,PHO,SG,43,26,30.0,5.6,13.7,.406,3.3,9.3,.354,2.3,4.3,.519,.527,2.9,3.3,.860,0.7,2.3,3.0,4.2,1.4,0.3,1.7,2.2,17.3,,allengr01
73,Immanuel Quickley,26,TOR,PG,63,63,32.6,6.0,13.4,.450,2.7,7.0,.378,3.4,6.4,.529,.549,2.6,3.2,.821,0.6,3.6,4.2,6.0,1.2,0.1,1.6,2.1,17.3,,quickim01
74,Chet Holmgren,23,OKC,PF,57,57,29.3,6.4,11.5,.551,1.3,3.6,.354,5.1,7.9,.641,.607,3.2,4.1,.787,1.9,7.1,9.0,1.7,0.5,1.9,1.6,2.3,17.2,AS,holmgch01
75,Kevin Porter Jr.,25,MIL,PG,36,34,33.3,6.2,13.5,.461,1.3,3.8,.328,5.0,9.7,.513,.507,3.5,4.0,.868,0.9,4.3,5.2,7.3,2.3,0.4,2.9,2.3,17.2,,porteke02
76,Alex Sarr,20,WAS,C,44,44,27.7,7.0,13.9,.499,1.0,3.0,.346,5.9,10.9,.542,.537,2.2,3.2,.693,2.3,5.3,7.6,2.7,0.8,2.0,1.7,2.0,17.2,,sarral01
77,Saddiq Bey,26,NOP,SF,61,53,30.8,5.9,13.1,.448,1.9,5.6,.342,3.9,7.5,.527,.521,3.5,4.2,.839,1.7,4.0,5.7,2.5,0.9,0.1,0.9,1.2,17.1,,beysa01
78,Andrew Nembhard,26,IND,PG,52,52,31.2,5.9,13.4,.440,1.9,5.2,.363,4.0,8.2,.489,.511,3.3,4.1,.817,0.4,2.4,2.8,7.3,0.9,0.1,2.5,2.1,17.0,,nembhan01
79,Payton Pritchard,28,BOS,PG,64,49,32.6,6.4,13.8,.459,2.6,7.1,.359,3.8,6.7,.566,.552,1.5,1.8,.868,0.9,3.2,4.1,5.3,0.8,0.1,1.3,1.4,16.8,,pritcpa01
80,OG Anunoby,28,NYK,PF,54,54,33.2,5.9,12.2,.483,2.2,5.8,.373,3.7,6.4,.582,.571,2.8,3.4,.805,1.4,3.9,5.3,2.2,1.7,0.7,1.9,2.5,16.7,,anunoog01
81,Jrue Holiday,35,POR,PG,38,36,29.0,6.2,13.2,.472,2.5,6.4,.388,3.7,6.8,.553,.567,1.7,2.1,.813,1.4,3.1,4.4,6.3,1.2,0.1,2.9,1.6,16.7,,holidjr01
82,Kristaps Porziņģis,30,2TM,C,21,13,23.6,5.5,12.3,.450,1.8,5.0,.352,3.8,7.3,.516,.521,3.8,4.6,.833,1.2,3.6,4.8,2.7,0.5,1.4,1.0,3.0,16.6,,porzikr01
82,Kristaps Porziņģis,30,ATL,C,17,12,24.3,5.6,12.4,.457,1.8,5.1,.360,3.8,7.3,.524,.531,4.0,4.8,.840,1.2,3.9,5.1,2.7,0.5,1.3,0.9,3.2,17.1,,porzikr01
82,Kristaps Porziņģis,30,GSW,C,4,1,20.8,5.0,12.0,.417,1.5,4.8,.316,3.5,7.3,.483,.479,3.0,3.8,.800,1.0,2.5,3.5,2.5,0.5,1.8,1.3,2.3,14.5,,porzikr01
83,Stephon Castle,21,SAS,PG,56,55,29.8,5.6,12.1,.468,1.1,3.6,.312,4.5,8.4,.535,.515,4.2,5.8,.733,1.3,3.8,5.0,7.0,1.2,0.3,3.1,3.3,16.6,,castlst01
84,Aaron Gordon,30,DEN,PF,26,23,27.5,5.6,11.4,.492,1.7,4.4,.386,3.9,7.0,.557,.566,3.7,4.7,.793,1.4,4.7,6.1,2.5,0.7,0.2,1.0,1.5,16.6,,gordoaa01
85,Ryan Rollins,23,MIL,PG,63,56,32.3,6.3,13.6,.464,2.4,5.9,.406,3.9,7.7,.509,.553,1.5,2.0,.776,0.8,3.9,4.7,5.6,1.5,0.4,2.7,2.7,16.6,,rolliry01
86,Paul George,35,PHI,PF,27,27,30.5,5.6,13.1,.424,2.4,6.4,.382,3.1,6.7,.464,.517,2.4,2.8,.855,0.5,4.6,5.1,3.7,1.5,0.5,1.6,2.2,16.0,,georgpa01
87,Onyeka Okongwu,25,ATL,C,60,49,31.4,5.9,12.2,.487,2.1,5.3,.388,3.9,6.9,.564,.572,2.1,2.8,.764,1.9,6.0,7.9,3.2,1.2,1.1,1.8,3.4,16.0,,okongon01
88,Matas Buzelis,21,CHI,PF,66,66,28.9,5.7,12.1,.467,2.2,6.1,.361,3.5,6.0,.574,.558,2.4,3.1,.785,1.0,4.6,5.6,2.1,0.7,1.5,2.0,2.4,15.9,,buzelma01
89,Andrew Wiggins,30,MIA,SF,57,57,31.0,6.0,12.6,.474,2.0,5.0,.399,4.0,7.7,.523,.553,1.9,2.4,.788,1.8,3.3,5.1,2.8,1.1,1.0,1.6,2.2,15.9,,wiggian01
90,Domantas Sabonis,29,SAC,C,19,15,29.7,6.3,11.6,.543,0.3,1.4,.185,6.1,10.2,.593,.554,2.9,4.1,.727,3.4,8.0,11.4,4.1,0.9,0.2,2.7,3.5,15.8,,sabondo01
91,Nikola Vučević,35,2TM,C,60,49,29.0,6.4,12.8,.496,1.6,4.3,.373,4.8,8.6,.557,.558,1.3,1.5,.835,2.0,6.6,8.6,3.4,0.6,0.7,1.3,2.0,15.6,,vucevni01
91,Nikola Vučević,35,CHI,C,48,48,30.8,6.9,13.8,.505,1.7,4.5,.376,5.2,9.2,.568,.567,1.3,1.5,.838,2.1,6.9,9.0,3.8,0.7,0.6,1.4,2.0,16.9,,vucevni01
91,Nikola Vučević,35,BOS,C,12,1,21.7,4.1,9.2,.445,1.1,3.1,.351,3.0,6.1,.493,.505,1.2,1.4,.824,1.7,5.5,7.2,1.8,0.4,0.8,0.9,1.8,10.4,,vucevni01
92,Russell Westbrook,37,SAC,SF,61,55,28.9,5.7,13.2,.431,2.0,5.9,.343,3.7,7.3,.502,.507,2.0,2.8,.711,1.3,4.2,5.4,6.5,1.3,0.2,3.3,2.4,15.5,,westbru01
93,Jabari Smith Jr.,22,HOU,PF,62,62,34.8,5.6,12.3,.453,2.2,6.0,.366,3.4,6.3,.537,.543,2.0,2.6,.779,1.5,5.3,6.8,1.8,0.8,0.9,1.3,2.5,15.4,,smithja05
94,Jarrett Allen,27,CLE,C,51,51,27.5,6.0,9.4,.636,0.0,0.2,.100,6.0,9.2,.648,.637,3.3,4.5,.725,2.6,5.9,8.5,1.9,1.0,0.9,1.4,1.8,15.3,,allenja01
95,Anthony Black,22,ORL,PG,60,40,30.7,5.5,12.3,.451,1.6,4.7,.339,3.9,7.6,.521,.516,2.6,3.6,.730,0.7,3.1,3.9,3.8,1.4,0.7,2.1,2.7,15.3,,blackan01
96,VJ Edgecombe,20,PHI,SG,59,59,35.0,5.6,13.3,.424,2.0,5.7,.353,3.6,7.6,.478,.500,2.0,2.5,.815,1.6,3.9,5.5,3.8,1.5,0.5,1.9,2.9,15.3,,edgecvj01
97,Mikal Bridges,29,NYK,SF,68,68,33.5,6.0,12.2,.490,2.0,5.2,.376,4.0,7.0,.576,.571,1.0,1.2,.821,1.0,3.1,4.1,3.9,1.4,0.8,1.0,2.0,15.0,,bridgmi01
98,Jaime Jaquez Jr.,24,MIA,SF,62,1,28.7,6.0,12.0,.498,0.6,2.1,.280,5.4,9.9,.545,.523,2.4,3.1,.764,1.3,3.9,5.3,4.7,0.8,0.3,2.1,1.9,15.0,,jaqueja01
99,Naji Marshall,28,DAL,SF,64,37,29.4,5.5,10.5,.524,0.8,2.8,.298,4.7,7.7,.607,.564,3.0,4.0,.756,0.9,3.9,4.8,3.1,1.0,0.1,1.6,1.9,14.9,,marshna01
100,Peyton Watson,23,DEN,SF,49,39,30.7,5.4,10.9,.496,1.5,3.7,.417,3.9,7.2,.537,.567,2.6,3.6,.727,0.9,4.0,4.9,2.0,1.0,1.2,1.8,2.5,14.9,,watsope01
101,Kyshawn George,22,WAS,SF,48,48,29.0,5.3,12.0,.438,2.1,5.4,.381,3.2,6.6,.486,.524,2.2,2.7,.802,0.9,4.2,5.1,4.5,1.0,0.9,2.6,3.5,14.8,,georgky01
102,Jaden McDaniels,25,MIN,PF,65,65,31.9,5.6,10.7,.520,1.4,3.4,.422,4.2,7.4,.565,.586,2.1,2.5,.851,1.0,3.2,4.3,2.8,1.1,1.0,1.9,3.4,14.7,,mcdanja02
103,Kelly Oubre Jr.,30,PHI,SF,41,36,32.4,5.2,11.2,.463,1.8,5.0,.361,3.4,6.2,.545,.544,2.5,3.3,.759,1.0,3.9,4.9,1.7,1.3,0.5,1.4,2.5,14.7,,oubreke01
104,Collin Sexton,27,2TM,SG,54,15,22.9,5.0,10.2,.490,1.5,3.9,.392,3.5,6.3,.551,.565,3.1,3.5,.864,0.5,1.5,2.0,3.4,1.0,0.1,2.1,1.9,14.6,,sextoco01
104,Collin Sexton,27,CHO,SG,42,12,22.3,4.8,9.9,.488,1.4,3.5,.393,3.5,6.4,.539,.557,3.2,3.7,.877,0.4,1.5,1.9,3.7,0.9,0.2,2.1,1.8,14.2,,sextoco01
104,Collin Sexton,27,CHI,SG,12,3,25.1,5.8,11.6,.496,2.2,5.6,.388,3.6,6.0,.597,.590,2.5,3.1,.811,0.6,1.6,2.2,2.1,1.3,0.1,2.3,2.3,16.2,,sextoco01
105,Walker Kessler,24,UTA,C,5,5,30.8,5.2,7.4,.703,1.2,1.6,.750,4.0,5.8,.690,.784,2.8,4.0,.700,4.6,6.2,10.8,3.0,1.4,1.8,3.2,4.4,14.4,,kesslwa01
106,Anfernee Simons,26,2TM,SG,55,5,24.9,5.2,11.8,.440,2.7,6.9,.385,2.5,4.9,.517,.552,1.3,1.4,.896,0.6,1.9,2.5,2.4,0.5,0.1,1.2,1.7,14.3,,simonan01
106,Anfernee Simons,26,BOS,SG,49,0,24.5,5.1,11.6,.440,2.7,6.7,.395,2.4,4.9,.502,.555,1.3,1.5,.889,0.5,1.9,2.4,2.4,0.6,0.1,1.1,1.7,14.2,,simonan01
106,Anfernee Simons,26,CHI,SG,6,5,28.3,5.8,13.3,.438,2.7,8.3,.320,3.2,5.0,.633,.538,0.8,0.8,1.000,0.8,2.0,2.8,3.0,0.0,0.3,2.2,2.0,15.2,,simonan01
107,Ajay Mitchell,23,OKC,SG,45,10,26.4,5.3,10.7,.492,1.1,3.2,.347,4.2,7.5,.553,.544,2.7,3.1,.871,0.7,2.8,3.4,3.7,1.4,0.3,1.5,2.1,14.3,,mitchaj01
108,Devin Vassell,25,SAS,SG,53,51,30.6,5.1,11.6,.437,2.5,6.6,.383,2.5,5.0,.508,.545,1.6,2.0,.802,0.5,3.3,3.8,2.4,0.8,0.4,0.9,1.6,14.3,,vassede01
109,Ayo Dosunmu,26,2TM,SG,58,10,26.2,5.3,10.3,.515,1.7,4.0,.435,3.6,6.3,.565,.599,1.8,2.1,.857,0.7,2.2,2.9,3.5,0.8,0.2,1.3,1.8,14.2,,dosunay01
109,Ayo Dosunmu,26,CHI,SG,45,10,26.4,5.6,10.8,.514,1.9,4.3,.451,3.6,6.5,.556,.604,2.0,2.3,.857,0.7,2.3,3.0,3.6,0.8,0.3,1.4,1.7,15.0,,dosunay01
109,Ayo Dosunmu,26,MIN,SG,13,0,25.7,4.5,8.8,.518,1.1,3.0,.359,3.5,5.8,.600,.579,0.9,1.1,.857,0.4,2.0,2.4,2.8,0.8,0.2,1.0,2.2,11.1,,dosunay01
110,Ivica Zubac,28,2TM,C,45,44,30.5,6.0,9.9,.613,0.0,0.0,,6.0,9.9,.613,.613,2.1,3.0,.701,3.3,7.5,10.8,2.2,0.4,0.8,1.9,2.4,14.2,,zubaciv01
110,Ivica Zubac,28,LAC,C,43,42,30.9,6.1,10.0,.613,0.0,0.0,,6.1,10.0,.613,.613,2.2,3.1,.705,3.4,7.6,11.0,2.2,0.4,0.8,1.9,2.4,14.4,,zubaciv01
110,Ivica Zubac,28,IND,C,2,2,22.5,4.5,7.5,.600,0.0,0.0,,4.5,7.5,.600,.600,0.5,1.0,.500,1.0,6.0,7.0,1.5,0.5,0.5,1.0,1.0,9.5,,zubaciv01
111,Jalen Suggs,24,ORL,PG,42,41,26.6,5.0,11.2,.443,2.0,6.1,.333,3.0,5.2,.571,.533,2.1,2.5,.854,0.6,3.1,3.7,5.3,1.9,0.8,2.5,2.7,14.1,,suggsja01
112,Cam Thomas,24,2TM,SG,39,8,21.5,4.7,11.3,.412,1.3,4.2,.313,3.4,7.2,.470,.469,3.4,4.1,.819,0.3,1.5,1.7,2.6,0.2,0.1,1.7,1.1,14.0,,thomaca02
112,Cam Thomas,24,BRK,SG,24,8,24.3,5.1,12.8,.399,1.6,4.9,.325,3.5,8.0,.445,.461,3.8,4.5,.843,0.4,1.4,1.8,3.1,0.2,0.1,2.0,1.3,15.6,,thomaca02
112,Cam Thomas,24,MIL,SG,15,0,17.1,3.9,8.9,.440,0.9,3.1,.283,3.1,5.9,.523,.489,2.7,3.5,.769,0.1,1.5,1.7,1.9,0.2,0.1,1.2,0.7,11.4,,thomaca02
113,Santi Aldama,25,MEM,PF,43,11,27.9,5.3,11.1,.479,1.6,4.7,.350,3.7,6.4,.572,.553,1.8,2.7,.667,1.6,5.1,6.7,2.9,0.9,0.7,1.3,1.6,14.0,,aldamsa01
114,Scoot Henderson,21,POR,PG,15,3,23.3,4.6,10.9,.421,1.9,5.7,.326,2.7,5.2,.526,.506,2.9,3.5,.846,0.7,2.1,2.9,4.1,0.3,0.3,2.9,2.9,14.0,,hendesc01
115,Keegan Murray,25,SAC,PF,23,22,34.5,5.5,13.0,.420,1.3,4.9,.277,4.1,8.2,.505,.472,1.7,2.1,.776,1.4,4.3,5.7,1.7,1.0,1.6,1.2,1.8,14.0,,murrake02
116,Jordan Poole,26,NOP,PG,33,6,24.5,4.3,11.6,.374,2.5,7.5,.340,1.8,4.1,.437,.484,2.7,3.0,.880,0.2,1.8,2.1,3.1,0.6,0.4,1.8,2.3,13.9,,poolejo01
117,Naz Reid,26,MIN,C,66,2,26.1,5.3,11.2,.470,2.2,5.9,.376,3.1,5.3,.575,.569,1.1,1.5,.700,1.2,5.1,6.3,2.3,1.0,1.0,1.6,2.5,13.9,,reidna01
118,John Collins,28,LAC,PF,54,45,27.7,5.4,9.6,.560,1.4,3.2,.423,4.0,6.4,.629,.631,1.6,2.1,.786,1.4,3.7,5.2,1.0,0.8,0.8,1.4,2.7,13.8,,collijo01
119,Tim Hardaway Jr.,33,DEN,SG,66,5,27.2,4.5,9.8,.457,2.8,6.8,.410,1.7,3.0,.563,.599,2.0,2.5,.806,0.2,2.4,2.6,1.3,0.5,0.1,0.6,1.3,13.8,,hardati02
120,P.J. Washington,27,DAL,PF,48,45,30.8,5.1,11.7,.440,1.2,4.0,.306,3.9,7.7,.509,.492,2.3,3.4,.679,1.4,5.5,6.9,1.9,0.9,1.2,1.8,2.1,13.8,,washipj01
121,De'Andre Hunter,28,2TM,SF,45,25,26.1,4.6,11.1,.415,1.7,5.5,.305,3.0,5.7,.522,.490,2.8,3.2,.867,0.7,3.4,4.1,2.0,0.7,0.1,1.7,2.5,13.7,,huntede01
121,De'Andre Hunter,28,CLE,SF,43,23,26.2,4.7,11.2,.423,1.7,5.5,.308,3.0,5.7,.535,.499,2.8,3.2,.869,0.7,3.6,4.2,2.1,0.7,0.1,1.7,2.5,14.0,,huntede01
121,De'Andre Hunter,28,SAC,SF,2,2,25.5,2.0,9.5,.211,1.0,4.5,.222,1.0,5.0,.200,.263,2.5,3.0,.833,0.5,1.0,1.5,0.5,0.0,0.0,2.0,2.5,7.5,,huntede01
122,Zach Edey,23,MEM,C,11,11,25.8,5.6,8.9,.633,0.1,0.5,.200,5.5,8.5,.656,.638,2.3,2.9,.781,3.9,7.2,11.1,1.1,0.6,1.9,2.4,3.4,13.6,,edeyza01
123,Reed Sheppard,21,HOU,SG,66,10,25.9,4.9,11.5,.428,2.7,6.8,.390,2.3,4.7,.484,.543,1.0,1.2,.797,0.3,2.5,2.8,3.2,1.4,0.7,1.5,2.1,13.5,,sheppre01
124,Bobby Portis,30,MIL,PF,62,9,24.0,5.4,10.8,.496,2.0,4.3,.460,3.4,6.5,.520,.587,0.7,1.0,.729,1.3,5.0,6.3,1.5,0.5,0.2,1.0,1.7,13.4,,portibo01
125,Brice Sensabaugh,22,UTA,SF,64,13,22.5,4.7,10.5,.447,2.0,5.6,.355,2.7,4.9,.553,.542,2.1,2.5,.835,0.8,2.2,3.0,1.7,0.7,0.1,1.3,1.9,13.4,,sensabr01
126,Cedric Coward,22,MEM,SG,52,37,26.1,4.8,10.3,.465,1.5,4.4,.344,3.3,5.9,.555,.538,2.2,2.6,.843,1.4,4.9,6.3,2.8,0.6,0.4,1.8,2.0,13.3,,cowarce01
127,Kyle Kuzma,30,MIL,PF,60,35,26.6,5.0,10.2,.491,1.2,3.4,.363,3.8,6.8,.555,.552,2.1,2.8,.724,0.9,3.8,4.7,2.6,0.6,0.4,1.6,2.0,13.3,,kuzmaky01
128,Collin Gillespie,26,PHO,PG,66,47,28.9,4.6,10.7,.431,3.0,7.2,.420,1.6,3.5,.454,.573,1.0,1.2,.855,1.1,3.1,4.2,4.8,1.3,0.2,1.7,1.6,13.2,,gilleco01
129,Jaylon Tyson,23,CLE,SG,62,39,27.3,5.0,10.0,.497,2.1,4.5,.457,2.9,5.5,.529,.600,1.2,1.6,.758,1.8,3.3,5.1,2.2,0.8,0.4,1.5,2.6,13.2,,tysonja01
130,Jeremiah Fears,19,NOP,PG,68,44,25.1,4.9,11.6,.425,1.1,3.4,.336,3.8,8.2,.462,.474,2.1,2.6,.799,0.7,3.0,3.7,3.2,1.1,0.4,2.2,1.8,13.1,,fearsje01
131,Tobias Harris,33,DET,PF,49,49,28.2,4.8,10.6,.453,1.3,3.8,.335,3.5,6.8,.518,.513,2.2,2.6,.880,0.9,4.3,5.1,2.2,0.9,0.3,1.0,1.7,13.1,,harrito02
132,Aaron Nesmith,26,IND,SF,38,35,29.7,4.4,11.4,.387,2.1,6.1,.349,2.3,5.3,.430,.480,2.1,2.6,.827,1.2,3.2,4.4,2.1,0.6,0.6,1.3,2.7,13.1,,nesmiaa01
133,Brandon Williams,26,DAL,PG,58,15,22.3,4.5,9.5,.472,0.6,2.4,.246,3.9,7.1,.550,.504,3.4,4.4,.784,0.5,2.5,3.0,3.8,0.9,0.3,1.9,1.6,13.1,,willibr03
134,Quentin Grimes,25,PHI,SG,60,13,29.8,4.3,9.6,.445,1.8,5.4,.332,2.5,4.3,.586,.537,2.7,3.2,.828,0.7,3.0,3.6,3.4,0.9,0.4,1.9,2.0,13.0,,grimequ01
135,De'Anthony Melton,27,GSW,PG,36,12,22.6,4.6,11.2,.413,1.6,5.2,.301,3.1,6.0,.509,.483,2.2,2.7,.823,0.7,2.3,3.0,2.4,1.6,0.4,1.7,2.2,13.0,,meltode01
136,Miles McBride,25,NYK,SG,35,14,28.0,4.5,10.3,.434,2.9,6.9,.420,1.6,3.4,.462,.575,1.0,1.2,.814,0.6,2.0,2.6,2.8,0.9,0.2,0.8,1.8,12.9,,mcbrimi01
137,Jonathan Kuminga,23,2TM,PF,24,14,24.0,4.5,9.5,.476,0.9,2.6,.355,3.6,7.0,.521,.524,2.8,3.8,.739,1.6,4.6,6.2,2.6,0.5,0.3,2.3,1.5,12.8,,kuminjo01
137,Jonathan Kuminga,23,GSW,PF,20,13,23.8,4.4,9.7,.454,0.9,2.7,.321,3.6,7.1,.504,.497,2.5,3.3,.742,1.5,4.4,5.9,2.5,0.4,0.3,2.3,1.7,12.1,,kuminjo01
137,Jonathan Kuminga,23,ATL,PF,4,1,24.8,5.3,8.8,.600,1.3,2.3,.556,4.0,6.5,.615,.671,4.8,6.5,.731,2.3,5.8,8.0,3.0,1.3,0.3,2.5,1.0,16.5,,kuminjo01
138,Noah Clowney,21,BRK,PF,60,54,27.8,3.9,9.8,.398,2.1,6.2,.336,1.9,3.7,.502,.503,2.9,3.5,.807,0.9,3.3,4.2,1.7,0.8,0.7,1.6,2.6,12.8,,clownno01
139,Keldon Johnson,26,SAS,SF,66,0,23.3,4.9,9.2,.529,1.2,3.2,.378,3.7,6.1,.608,.594,1.8,2.3,.789,1.7,3.9,5.5,1.3,0.6,0.1,0.9,2.1,12.8,,johnske04
140,Tre Jones,26,CHI,PG,50,26,27.0,4.8,8.7,.547,0.6,1.8,.315,4.2,6.9,.609,.580,2.7,3.2,.832,0.6,2.3,2.9,5.5,1.2,0.2,1.3,1.4,12.8,,jonestr01
141,Brandin Podziemski,22,GSW,SG,66,27,28.0,4.6,10.3,.448,1.8,4.8,.372,2.8,5.4,.517,.536,1.8,2.4,.755,0.9,4.3,5.2,3.7,1.1,0.2,1.5,1.8,12.8,,podzibr01
142,Jaylen Wells,22,MEM,SG,64,64,26.7,4.5,10.3,.431,1.9,5.4,.356,2.5,5.0,.513,.523,2.0,2.5,.784,0.9,2.4,3.3,1.7,0.9,0.1,1.1,2.2,12.8,,wellsja01
143,Toumani Camara,25,POR,PF,67,67,33.5,4.5,10.7,.423,2.5,7.1,.349,2.0,3.6,.568,.539,1.1,1.7,.675,1.6,3.8,5.4,2.6,1.1,0.4,1.9,3.0,12.7,,camarto01
144,Max Christie,22,DAL,SG,62,53,29.5,4.4,9.8,.449,2.4,5.9,.404,2.0,3.9,.516,.570,1.5,1.8,.881,0.2,3.1,3.4,2.1,0.5,0.3,1.3,1.4,12.7,,chrisma02
145,Sam Merrill,29,CLE,SG,42,30,25.9,4.2,9.0,.470,3.2,7.2,.445,1.0,1.9,.564,.646,1.0,1.2,.840,0.6,1.7,2.4,2.3,0.6,0.1,0.9,2.5,12.7,,merrisa01
146,Deandre Ayton,27,LAL,C,57,57,27.5,5.8,8.6,.669,0.0,0.0,,5.8,8.6,.669,.669,1.1,1.8,.637,2.5,5.8,8.3,0.9,0.6,0.9,1.2,2.3,12.6,,aytonde01
147,Malik Monk,27,SAC,SG,53,0,22.0,4.5,10.4,.437,2.0,5.1,.396,2.5,5.3,.477,.535,1.5,1.7,.878,0.3,1.7,1.9,2.7,0.6,0.4,1.4,1.6,12.6,,monkma01
148,Tre Johnson,19,WAS,SG,52,34,24.1,4.6,10.6,.429,2.0,5.3,.377,2.6,5.3,.482,.524,1.4,1.6,.877,0.5,2.3,2.9,2.0,0.6,0.3,1.5,1.9,12.5,,johnstr03
149,Ace Bailey,19,UTA,SF,59,48,26.7,5.0,11.2,.445,1.7,4.8,.349,3.3,6.4,.519,.520,0.8,1.1,.742,1.6,2.4,4.0,1.7,0.9,0.5,1.3,2.6,12.4,,baileac01
150,Donte DiVincenzo,29,MIN,SG,67,67,30.9,4.2,10.1,.416,3.0,7.7,.387,1.2,2.4,.509,.563,1.0,1.4,.761,1.0,3.4,4.4,4.1,1.4,0.4,1.5,2.5,12.4,,divindo01
151,Myles Turner,29,MIL,C,61,61,27.5,4.1,9.4,.440,2.1,5.5,.386,2.0,3.8,.517,.553,1.9,2.5,.747,1.1,4.3,5.4,1.5,0.7,1.6,1.2,2.5,12.2,,turnemy01
152,Duncan Robinson,31,DET,SF,64,64,27.7,4.1,9.1,.445,2.9,7.1,.402,1.2,2.0,.597,.602,1.1,1.4,.769,0.4,2.3,2.7,2.0,0.6,0.3,0.7,2.2,12.1,,robindu01
153,Nic Claxton,26,BRK,C,60,59,28.7,4.9,8.5,.576,0.1,0.3,.188,4.9,8.3,.589,.579,2.2,3.5,.608,2.5,4.6,7.1,3.9,0.7,1.2,1.4,2.3,12.0,,claxtni01
154,Donovan Clingan,21,POR,C,62,62,27.4,4.5,8.7,.524,1.0,3.1,.333,3.5,5.5,.633,.585,1.8,2.7,.663,4.5,7.0,11.6,2.1,0.6,1.6,1.2,2.3,12.0,,clingdo01
155,Moses Moody,23,GSW,SG,59,48,25.5,4.0,9.1,.441,2.5,6.2,.402,1.5,2.9,.526,.578,1.4,1.8,.771,0.8,2.5,3.3,1.6,0.9,0.5,0.9,2.0,11.9,,moodymo01
156,Josh Hart,30,NYK,SF,54,40,30.0,4.5,9.2,.495,1.4,3.8,.377,3.1,5.4,.577,.573,1.3,1.9,.706,1.5,6.1,7.6,5.1,1.1,0.3,2.0,2.5,11.8,,hartjo01
157,Klay Thompson,35,DAL,SF,59,8,21.9,4.2,10.6,.392,2.9,7.7,.380,1.3,3.0,.423,.529,0.5,0.7,.750,0.3,2.0,2.3,1.4,0.5,0.3,0.9,1.0,11.8,,thompkl01
158,Dennis Schröder,32,2TM,PG,56,16,25.5,3.9,9.8,.401,1.3,3.7,.338,2.7,6.1,.439,.464,2.6,3.1,.831,0.4,2.4,2.8,5.0,0.9,0.2,1.9,1.6,11.7,,schrode01
158,Dennis Schröder,32,SAC,PG,40,14,26.4,4.3,10.6,.408,1.4,4.2,.343,2.9,6.4,.449,.475,2.7,3.3,.820,0.6,2.5,3.1,5.3,0.8,0.2,2.0,1.7,12.8,,schrode01
158,Dennis Schröder,32,CLE,PG,16,2,23.1,3.0,7.9,.378,0.8,2.6,.317,2.2,5.4,.407,.429,2.1,2.4,.872,0.1,2.1,2.3,4.3,1.0,0.3,1.7,1.5,8.9,,schrode01
159,Wendell Carter Jr.,26,ORL,C,62,62,29.6,4.2,8.3,.506,1.0,3.1,.326,3.2,5.2,.611,.566,2.2,2.9,.780,2.1,5.5,7.6,2.1,0.8,0.7,1.2,3.5,11.6,,cartewe01
160,Rui Hachimura,27,LAL,PF,54,35,29.3,4.5,9.0,.503,1.8,4.1,.442,2.7,4.8,.556,.605,0.8,1.0,.759,0.6,2.7,3.3,0.9,0.6,0.3,0.7,1.6,11.6,,hachiru01
161,Derik Queen,21,NOP,C,67,45,25.0,4.4,9.1,.481,0.3,1.0,.269,4.1,8.1,.507,.496,2.5,3.2,.786,1.7,5.3,7.0,3.9,0.9,0.9,2.3,2.7,11.6,,queende01
162,Mark Williams,24,PHO,C,56,52,23.6,4.7,7.4,.633,0.0,0.0,1.000,4.6,7.3,.633,.635,2.2,2.9,.767,3.1,5.0,8.1,1.0,0.9,0.9,1.1,2.2,11.6,,willima07
163,Isaiah Collier,21,UTA,PG,57,17,25.7,4.2,8.5,.499,0.5,1.7,.274,3.8,6.8,.554,.526,2.5,3.5,.722,0.4,2.1,2.5,7.3,1.1,0.3,2.5,2.4,11.5,,colliis01
164,Dyson Daniels,22,ATL,SG,62,62,33.4,5.2,10.2,.507,0.2,1.5,.132,5.0,8.7,.570,.517,1.0,1.6,.606,2.2,4.4,6.6,6.2,1.9,0.4,1.8,2.1,11.5,,daniedy01
165,Scotty Pippen Jr.,25,MEM,PG,10,6,21.2,4.3,9.6,.448,1.0,3.2,.313,3.3,6.4,.516,.500,1.8,2.3,.783,0.8,1.4,2.2,4.7,1.9,0.4,2.7,3.1,11.4,,pippesc02
166,Cam Spencer,25,MEM,SG,63,17,24.0,3.8,7.9,.480,2.0,4.6,.443,1.7,3.3,.531,.609,1.8,1.9,.934,0.5,2.1,2.7,5.5,0.7,0.2,1.3,1.5,11.4,,spencca01
167,Cameron Johnson,29,DEN,SF,41,41,30.2,3.9,8.4,.457,1.8,4.3,.410,2.1,4.1,.506,.562,1.8,2.2,.843,0.8,3.0,3.7,2.3,0.6,0.4,0.9,2.3,11.3,,johnsca02
168,Caleb Love,24,POR,SG,45,1,22.2,4.2,10.8,.390,2.1,6.4,.321,2.1,4.3,.492,.486,0.8,1.1,.735,0.6,2.0,2.5,2.7,0.6,0.1,1.4,1.0,11.3,,loveca01
169,Kel'el Ware,21,MIA,C,62,30,22.6,4.6,8.6,.530,1.1,2.9,.387,3.5,5.7,.603,.595,1.0,1.3,.759,3.1,6.3,9.4,0.5,0.9,1.1,0.9,1.6,11.3,,wareke01
170,Khris Middleton,34,2TM,SF,49,44,24.3,4.0,9.1,.438,1.1,3.0,.356,2.9,6.2,.477,.496,2.1,2.4,.867,0.9,2.9,3.8,3.1,0.7,0.2,1.7,2.4,11.2,,middlkh01
170,Khris Middleton,34,WAS,SF,34,34,24.3,3.8,8.8,.433,1.0,2.9,.333,2.9,5.9,.483,.488,1.7,2.0,.841,0.9,3.1,3.9,3.3,0.8,0.3,1.7,2.5,10.3,,middlkh01
170,Khris Middleton,34,DAL,SF,15,10,24.2,4.4,9.9,.446,1.3,3.1,.404,3.1,6.7,.465,.510,3.1,3.4,.902,1.0,2.6,3.6,2.7,0.5,0.0,1.9,2.0,13.1,,middlkh01
171,Julian Champagnie,24,SAS,SF,66,52,27.7,3.6,8.3,.434,2.5,6.3,.388,1.2,2.0,.585,.582,1.5,1.8,.833,0.9,5.0,5.8,1.5,0.8,0.4,0.9,1.6,11.2,,champju02
172,Dylan Harper,19,SAS,SG,55,0,22.2,4.5,9.3,.487,0.7,2.5,.292,3.8,6.8,.559,.526,1.4,1.9,.733,0.7,2.6,3.3,3.8,0.8,0.3,1.4,1.9,11.2,,harpedy01
173,GG Jackson II,21,MEM,PF,45,18,20.6,4.2,8.5,.497,1.1,3.3,.333,3.2,5.3,.599,.561,1.7,2.4,.708,0.9,3.4,4.2,1.4,0.6,0.8,1.5,1.5,11.2,,jacksgg01
174,Derrick Jones Jr.,28,LAC,SF,34,29,27.1,4.1,8.0,.520,1.3,3.4,.371,2.9,4.6,.632,.600,1.7,2.2,.770,1.1,2.0,3.1,1.3,1.0,1.1,0.8,2.1,11.2,,jonesde02
175,Jarace Walker,22,IND,PF,66,31,25.3,3.8,9.4,.409,1.7,4.6,.361,2.2,4.8,.455,.497,1.9,2.5,.765,0.7,4.4,5.1,2.3,0.8,0.3,1.8,1.8,11.2,,walkeja02
176,Alondes Williams,26,WAS,SG,4,0,25.3,4.0,6.5,.615,1.3,3.5,.357,2.8,3.0,.917,.712,1.8,2.0,.875,1.3,5.0,6.3,3.0,0.8,0.8,1.3,1.0,11.0,,willial06
177,Rudy Gobert,33,MIN,C,64,64,31.5,4.4,6.2,.711,0.0,0.1,.000,4.4,6.1,.718,.711,2.2,4.2,.517,3.8,7.5,11.3,1.8,0.8,1.6,1.3,2.7,10.9,,goberru01
178,Isaiah Joe,26,OKC,SG,58,9,21.9,3.4,7.7,.441,2.4,6.0,.409,0.9,1.7,.557,.601,1.7,1.9,.883,0.5,2.2,2.6,1.4,0.7,0.2,0.6,1.8,10.9,,joeis01
179,Jusuf Nurkić,31,UTA,C,41,36,26.4,4.4,8.7,.503,0.6,1.7,.352,3.8,7.0,.540,.538,1.5,2.8,.549,2.6,7.8,10.4,4.8,1.3,0.5,2.5,3.3,10.9,,nurkiju01
180,Maxime Raynaud,22,SAC,C,59,41,25.0,4.6,8.3,.560,0.2,0.8,.239,4.5,7.5,.594,.572,1.4,1.8,.794,2.0,5.2,7.2,1.2,0.5,0.6,1.1,2.3,10.9,,raynama01
181,Jock Landale,30,2TM,C,59,26,22.4,4.2,8.3,.510,1.1,2.9,.386,3.1,5.4,.577,.578,1.3,1.9,.652,2.9,3.1,5.9,1.6,0.5,0.5,0.9,2.2,10.8,,landajo01
181,Jock Landale,30,MEM,C,45,25,23.6,4.4,8.6,.514,1.1,2.9,.380,3.4,5.8,.581,.577,1.3,2.0,.674,3.1,3.4,6.5,1.7,0.6,0.5,1.0,2.3,11.3,,landajo01
181,Jock Landale,30,ATL,C,14,1,18.8,3.5,7.1,.495,1.2,3.0,.405,2.3,4.1,.561,.581,1.1,1.9,.577,2.0,2.1,4.1,1.4,0.4,0.6,0.6,1.9,9.3,,landajo01
182,MarJon Beauchamp,25,PHI,SF,4,0,18.0,4.0,7.8,.516,1.8,4.3,.412,2.3,3.5,.643,.629,1.0,1.3,.800,0.5,2.8,3.3,1.8,1.0,0.5,1.3,1.0,10.8,,beaucma01
183,Christian Braun,24,DEN,SG,31,31,31.8,4.1,8.3,.488,0.9,3.1,.292,3.2,5.2,.605,.543,1.8,2.5,.737,1.6,3.4,5.0,2.9,0.6,0.3,1.2,2.3,10.8,,braunch01
184,Bilal Coulibaly,21,WAS,SG,45,45,26.6,3.7,9.0,.409,1.1,3.6,.299,2.6,5.4,.483,.469,2.3,3.1,.745,0.8,3.5,4.4,2.6,1.4,0.9,1.5,2.6,10.8,,coulibi01
185,Sandro Mamukelashvili,26,TOR,C,64,12,22.0,4.0,7.8,.516,1.3,3.6,.369,2.7,4.1,.645,.602,1.4,1.9,.758,1.4,3.5,4.9,1.9,0.7,0.6,0.8,2.0,10.8,,mamuksa01
186,Tari Eason,24,HOU,PF,44,30,26.2,4.2,9.7,.428,1.7,4.5,.384,2.4,5.2,.465,.516,0.6,0.9,.700,2.0,4.3,6.3,1.6,1.3,0.5,1.5,2.4,10.7,,easonta01
187,Pelle Larsson,24,MIA,SG,56,43,25.4,3.8,7.7,.491,0.9,2.8,.325,2.9,4.9,.583,.549,2.3,2.9,.790,0.8,2.6,3.4,3.4,0.7,0.3,1.2,1.9,10.7,,larsspe01
188,Kyle Filipowski,22,UTA,C,66,30,22.9,3.8,7.7,.495,0.9,2.6,.345,2.9,5.1,.571,.553,2.0,2.7,.747,1.9,5.1,7.0,2.4,1.0,0.5,1.6,3.0,10.5,,filipky01
189,Harrison Barnes,33,SAS,PF,61,49,26.9,3.5,7.9,.445,1.9,4.9,.377,1.7,3.0,.558,.562,1.4,1.7,.846,0.9,2.1,2.9,2.0,0.7,0.2,0.9,1.1,10.3,,barneha02
190,Egor Dёmin,19,BRK,PG,52,45,25.2,3.4,8.6,.399,2.4,6.2,.385,1.1,2.4,.433,.537,1.0,1.3,.831,0.4,2.8,3.2,3.3,0.8,0.3,1.7,1.8,10.3,,demineg01
191,Jalen Smith,25,CHI,C,49,17,20.8,3.7,7.8,.475,1.6,4.2,.372,2.1,3.6,.598,.576,1.3,1.8,.727,1.9,5.0,6.9,1.3,0.5,0.8,0.9,2.1,10.3,,smithja04
192,Marvin Bagley III,26,2TM,PF,49,10,20.1,4.1,6.8,.610,0.2,0.6,.393,3.9,6.2,.630,.627,1.7,2.5,.677,2.6,3.6,6.2,1.4,0.5,0.8,1.1,2.0,10.2,,baglema01
192,Marvin Bagley III,26,WAS,PF,38,8,19.2,4.1,6.5,.626,0.2,0.5,.421,3.8,6.0,.643,.642,1.8,2.6,.711,2.6,3.1,5.7,1.5,0.5,0.7,1.2,2.1,10.1,,baglema01
192,Marvin Bagley III,26,DAL,PF,11,2,23.1,4.4,7.7,.565,0.3,0.8,.333,4.1,6.9,.592,.582,1.4,2.5,.556,2.6,5.4,8.0,1.3,0.3,0.9,0.8,1.8,10.4,,baglema01
193,Isaiah Hartenstein,27,OKC,C,36,35,25.4,4.3,6.8,.637,0.0,0.2,.000,4.3,6.6,.653,.637,1.6,2.6,.609,3.2,6.1,9.2,3.5,1.0,0.8,1.9,2.7,10.2,,harteis01
194,Zaccharie Risacher,20,ATL,SF,52,45,24.1,3.9,8.8,.444,1.5,4.2,.359,2.4,4.6,.523,.531,0.8,1.4,.592,1.1,2.8,3.8,1.3,0.9,0.6,0.9,2.2,10.2,,risacza01
195,D'Angelo Russell,29,DAL,PG,26,3,19.0,3.6,8.9,.405,1.3,4.3,.295,2.3,4.6,.508,.476,1.7,2.3,.717,0.3,2.0,2.3,4.0,0.5,0.1,1.9,1.2,10.2,,russeda01
196,Ausar Thompson,23,DET,SF,57,56,25.6,4.2,8.1,.522,0.1,0.4,.273,4.1,7.7,.534,.528,1.6,2.8,.578,2.1,3.8,5.9,2.9,1.9,0.9,1.4,2.7,10.2,,thompau01
197,Aaron Wiggins,27,OKC,SG,52,18,23.3,3.8,8.8,.430,1.6,4.5,.352,2.2,4.4,.511,.520,1.0,1.3,.735,0.7,2.7,3.3,1.8,1.0,0.5,1.3,1.4,10.2,,wiggiaa01
198,Leaky Black,26,WAS,SF,5,2,31.8,3.6,7.8,.462,1.6,4.0,.400,2.0,3.8,.526,.564,1.2,1.2,1.000,1.4,4.0,5.4,1.4,0.4,0.8,0.8,3.0,10.0,,blackle01
199,Royce O'Neale,32,PHO,SF,67,62,29.2,3.5,8.3,.415,2.8,6.9,.401,0.7,1.5,.480,.581,0.3,0.4,.700,0.7,4.2,4.9,2.8,1.1,0.4,1.4,2.3,10.0,,onealro01
200,Isaiah Stewart,24,DET,C,55,13,23.1,3.8,7.0,.541,0.7,2.1,.333,3.1,4.9,.632,.592,1.7,2.3,.760,1.7,3.4,5.1,1.2,0.3,1.6,1.1,2.8,10.0,,stewais01
201,Kevin Huerter,27,2TM,SF,55,11,22.1,3.8,8.5,.447,1.4,4.7,.300,2.4,3.8,.629,.530,0.9,1.1,.758,0.5,3.1,3.6,2.5,0.8,0.6,1.0,1.8,9.9,,huertke01
201,Kevin Huerter,27,CHI,SF,44,11,23.6,4.2,9.2,.455,1.6,5.1,.314,2.6,4.1,.630,.542,0.9,1.3,.732,0.5,3.3,3.8,2.6,0.8,0.6,1.1,1.9,10.9,,huertke01
201,Kevin Huerter,27,DET,SG,11,0,16.5,2.4,6.0,.394,0.7,3.4,.216,1.6,2.6,.621,.455,0.5,0.5,1.000,0.5,2.0,2.5,1.8,0.6,0.5,0.4,1.1,6.0,,huertke01
202,Bub Carrington,20,WAS,PG,65,33,27.6,3.5,8.6,.404,1.9,5.0,.389,1.5,3.6,.426,.517,1.0,1.3,.736,0.5,3.2,3.7,4.6,0.7,0.2,2.3,2.2,9.9,,carrica01
203,Landry Shamet,28,NYK,SG,43,11,23.1,3.3,7.3,.451,2.1,5.3,.400,1.2,2.0,.588,.597,1.2,1.7,.718,0.4,1.4,1.9,1.5,0.5,0.2,0.6,1.7,9.9,,shamela01
204,Neemias Queta,26,BOS,C,62,61,24.9,4.1,6.5,.633,0.0,0.1,.000,4.1,6.4,.642,.633,1.6,2.3,.690,2.9,5.4,8.4,1.4,0.8,1.3,1.1,2.8,9.8,,quetane01
205,Zach Collins,28,CHI,C,10,0,18.4,3.7,6.4,.578,0.9,2.1,.429,2.8,4.3,.651,.648,1.4,2.0,.700,1.6,4.0,5.6,1.5,0.2,0.4,1.0,1.8,9.7,,colliza01
206,A.J. Green,26,MIL,SG,61,58,29.2,3.2,7.6,.416,2.8,6.9,.407,0.4,0.8,.500,.600,0.5,0.7,.805,0.3,2.2,2.5,1.9,0.5,0.1,0.8,2.4,9.7,,greenaj01
207,Jakob Poeltl,30,TOR,C,31,29,25.4,4.2,6.1,.693,0.0,0.0,,4.2,6.1,.693,.693,1.3,2.0,.645,2.6,4.8,7.4,2.0,0.8,0.7,1.4,3.2,9.7,,poeltja01
208,Ziaire Williams,24,BRK,SF,46,5,23.0,3.1,7.4,.418,1.6,4.9,.330,1.5,2.6,.585,.526,1.9,2.2,.871,0.6,1.9,2.5,1.0,1.2,0.4,1.0,2.0,9.7,,willizi02
209,Corey Kispert,26,2TM,SF,45,9,20.0,3.3,7.1,.466,1.6,4.2,.366,1.8,2.9,.612,.575,1.4,1.7,.829,0.4,2.0,2.4,1.7,0.3,0.2,0.8,1.0,9.6,,kispeco01
209,Corey Kispert,26,WAS,SF,19,2,19.5,3.1,6.3,.496,1.6,4.0,.395,1.5,2.3,.674,.622,1.4,1.8,.765,0.3,2.0,2.3,1.7,0.4,0.2,0.7,1.1,9.2,,kispeco01
209,Corey Kispert,26,ATL,SF,26,7,20.5,3.5,7.7,.448,1.5,4.4,.348,1.9,3.3,.581,.547,1.4,1.6,.881,0.5,2.0,2.5,1.8,0.2,0.2,0.9,1.0,9.9,,kispeco01
210,Tristan Da Silva,24,ORL,SF,60,23,24.1,3.6,7.9,.451,1.7,4.2,.393,1.9,3.7,.516,.555,0.8,0.9,.868,0.8,3.0,3.7,1.5,0.9,0.4,0.8,1.5,9.6,,dasiltr01
211,Jordan Miller,26,LAC,SF,45,0,21.2,3.3,6.3,.516,0.6,1.8,.329,2.7,4.5,.591,.563,2.3,2.9,.795,0.8,2.1,2.9,2.1,0.7,0.2,1.1,1.0,9.5,,millejo02
212,Blake Hinson,26,UTA,SF,8,1,20.9,3.4,7.0,.482,2.4,5.3,.452,1.0,1.8,.571,.652,0.3,0.5,.500,0.9,1.5,2.4,0.8,0.0,0.1,0.3,2.0,9.4,,hinsobl01
213,Jay Huff,27,IND,C,67,41,20.7,3.5,7.4,.468,1.4,4.6,.311,2.0,2.8,.727,.565,1.0,1.2,.819,0.9,3.0,3.9,1.3,0.5,1.9,0.9,2.4,9.4,,huffja01
214,Marcus Smart,31,LAL,SG,55,48,28.4,3.1,7.7,.399,1.6,4.7,.336,1.5,3.1,.494,.500,1.7,2.1,.807,0.6,2.2,2.8,2.8,1.3,0.4,1.5,2.6,9.4,,smartma01
215,Sam Hauser,28,BOS,PF,63,35,24.7,3.2,7.9,.410,2.6,6.7,.389,0.6,1.2,.526,.574,0.2,0.2,.929,0.7,3.2,3.9,1.5,0.6,0.3,0.5,1.4,9.3,,hausesa01
216,T.J. McConnell,33,IND,PG,48,1,16.9,4.3,8.2,.531,0.3,0.9,.310,4.1,7.3,.557,.547,0.4,0.5,.864,0.4,1.8,2.2,4.7,1.0,0.2,1.2,1.2,9.3,,mccontj01
217,Micah Potter,27,IND,C,34,3,19.0,3.0,6.0,.495,1.4,3.5,.400,1.6,2.5,.631,.613,1.8,2.1,.886,1.2,3.4,4.6,1.4,0.4,0.4,0.9,1.8,9.2,,pottemi01
218,Cam Whitmore,21,WAS,SF,21,0,16.9,3.7,8.0,.456,0.8,2.7,.286,2.9,5.4,.540,.503,1.1,1.5,.742,0.9,1.9,2.8,0.7,0.7,0.4,0.9,1.2,9.2,,whitmca01
219,Svi Mykhailiuk,28,UTA,SF,48,41,23.4,3.4,7.1,.478,1.9,4.6,.403,1.5,2.5,.619,.609,0.5,0.6,.893,0.7,1.8,2.5,1.9,0.5,0.1,0.8,1.3,9.1,,mykhasv01
220,Daniel Gafford,27,DAL,C,48,38,21.7,3.6,5.5,.647,0.0,0.0,,3.6,5.5,.647,.647,1.8,2.5,.725,2.4,4.5,6.8,1.0,0.8,1.3,1.3,2.6,9.0,,gaffoda01
221,Herbert Jones,27,NOP,SF,45,45,29.0,3.3,8.7,.382,1.4,4.6,.293,2.0,4.0,.484,.460,1.0,1.2,.800,0.9,2.7,3.6,2.8,1.7,0.4,1.3,3.2,9.0,,joneshe01
222,Isaac Okoro,25,CHI,SG,55,55,26.9,3.2,7.2,.449,1.1,3.5,.326,2.1,3.7,.563,.528,1.4,1.8,.796,1.1,1.6,2.7,1.6,0.7,0.4,0.7,2.5,9.0,,okorois01
223,Jordan Clarkson,33,NYK,SG,58,1,17.9,3.3,7.5,.439,1.2,3.5,.337,2.1,4.1,.528,.517,1.1,1.4,.800,0.8,0.9,1.7,1.3,0.4,0.2,1.0,1.8,8.9,,clarkjo01
224,Davion Mitchell,27,MIA,PG,56,56,28.3,3.5,7.3,.479,1.2,3.0,.416,2.3,4.4,.522,.563,0.7,1.0,.673,0.4,2.3,2.7,6.7,1.1,0.2,1.5,2.7,8.9,,mitchda01
225,Javon Small,23,MEM,PG,32,5,19.0,2.9,6.5,.445,1.3,3.1,.424,1.6,3.4,.464,.545,1.8,2.1,.838,0.8,2.2,3.0,3.8,0.8,0.3,1.2,1.4,8.9,,smallja01
226,Danny Wolf,21,BRK,PF,52,10,20.7,3.1,7.7,.407,1.2,3.7,.321,1.9,3.9,.488,.485,1.5,1.9,.768,1.0,3.8,4.8,2.3,0.5,0.6,1.2,2.2,8.9,,wolfda01
227,Jordan Goodwin,27,PHO,PG,57,4,22.0,3.4,8.1,.413,1.5,4.3,.359,1.8,3.8,.475,.509,0.6,0.8,.727,1.9,2.8,4.6,2.2,1.4,0.2,0.9,1.9,8.8,,goodwjo01
228,Jake LaRavia,24,LAL,PF,66,33,25.5,3.1,6.8,.455,1.0,3.3,.316,2.1,3.6,.581,.530,1.5,2.0,.761,1.5,2.5,3.9,1.9,1.2,0.4,1.0,2.3,8.8,,laravja01
229,Precious Achiuwa,26,SAC,C,59,43,22.3,3.8,7.2,.525,0.4,1.2,.314,3.4,6.0,.567,.551,0.8,1.5,.562,2.1,4.0,6.1,1.3,0.9,0.6,0.7,1.7,8.7,,achiupr01
230,Quenton Jackson,27,IND,PG,35,10,17.4,2.9,6.2,.461,0.9,2.5,.372,1.9,3.7,.519,.535,2.0,2.5,.816,0.6,1.6,2.2,2.3,0.6,0.2,1.1,1.7,8.7,,jacksqu01
231,Day'Ron Sharpe,24,BRK,C,62,7,18.7,3.5,5.7,.601,0.1,0.6,.231,3.3,5.1,.647,.614,1.7,2.5,.678,2.8,3.9,6.7,2.3,1.1,0.4,1.7,2.4,8.7,,sharpda01
232,Cason Wallace,22,OKC,SG,64,54,27.3,3.4,7.9,.426,1.3,3.9,.339,2.0,4.0,.510,.509,0.7,0.9,.786,0.8,2.3,3.1,2.7,2.0,0.3,1.0,2.1,8.7,,wallaca01
233,Vít Krejčí,25,2TM,PG,63,8,21.8,3.0,6.7,.448,2.0,5.1,.388,1.0,1.6,.643,.596,0.6,0.8,.745,0.5,1.8,2.3,1.6,0.7,0.3,0.6,2.2,8.6,,krejcvi01
233,Vít Krejčí,25,ATL,PG,46,8,22.3,3.1,6.7,.464,2.2,5.2,.423,0.9,1.5,.609,.628,0.6,0.8,.750,0.4,1.7,2.1,1.5,0.8,0.3,0.7,2.3,9.0,,krejcvi01
233,Vít Krejčí,25,POR,PG,17,0,20.4,2.6,6.6,.402,1.4,4.9,.289,1.2,1.7,.724,.509,0.6,0.9,.733,0.7,2.2,2.9,1.9,0.6,0.3,0.6,1.6,7.4,,krejcvi01
234,Luguentz Dort,26,OKC,SF,56,56,28.1,3.0,8.0,.379,1.9,5.7,.334,1.1,2.3,.489,.498,0.7,0.9,.740,0.9,3.0,3.9,1.3,0.8,0.4,0.8,2.9,8.6,,dortlu01
235,Draymond Green,35,GSW,PF,54,54,27.1,3.1,7.4,.418,1.5,4.6,.331,1.6,2.8,.563,.521,0.8,1.2,.698,0.8,4.8,5.5,5.3,0.8,0.6,2.6,2.9,8.6,,greendr01
236,Ron Holland,20,DET,SF,62,5,20.5,3.1,7.2,.434,0.6,2.7,.224,2.5,4.5,.557,.475,1.8,2.1,.820,1.2,3.1,4.3,1.3,1.2,0.3,1.3,2.3,8.6,,hollaro01
237,Jaden Ivey,23,2TM,SG,37,5,18.1,3.1,6.9,.445,1.4,3.6,.373,1.7,3.3,.525,.543,1.0,1.3,.809,0.6,1.8,2.5,1.8,0.6,0.4,1.1,1.4,8.5,,iveyja01
237,Jaden Ivey,23,DET,SG,33,2,16.8,3.0,6.7,.450,1.3,3.4,.372,1.7,3.2,.533,.545,0.9,1.2,.789,0.6,1.6,2.2,1.6,0.5,0.4,1.1,1.3,8.2,,iveyja01
237,Jaden Ivey,23,CHI,SG,4,3,28.8,3.8,9.0,.417,2.0,5.3,.381,1.8,3.8,.467,.528,2.0,2.3,.889,1.3,3.5,4.8,4.0,2.0,0.5,1.5,2.3,11.5,,iveyja01
238,Julian Reese,22,WAS,PF,4,3,31.0,2.8,5.0,.550,0.0,0.0,,2.8,5.0,.550,.550,3.0,4.0,.750,4.3,6.0,10.3,2.0,1.3,0.5,2.3,4.0,8.5,,reeseju01
239,Jonas Valančiūnas,33,DEN,C,55,5,13.5,3.4,5.8,.579,0.1,0.3,.316,3.3,5.5,.596,.589,1.6,2.0,.793,1.5,3.4,4.9,1.2,0.3,0.5,1.1,2.1,8.5,,valanjo01
240,Luke Kennard,29,2TM,SG,62,1,21.1,3.1,5.6,.548,1.6,3.3,.488,1.5,2.3,.632,.690,0.7,0.8,.917,0.4,1.8,2.2,2.0,0.7,0.1,0.7,1.3,8.4,,kennalu01
240,Luke Kennard,29,ATL,SG,46,0,20.5,2.8,5.2,.538,1.6,3.2,.497,1.2,2.0,.604,.692,0.7,0.8,.914,0.4,1.7,2.2,2.1,0.7,0.1,0.7,1.2,7.9,,kennalu01
240,Luke Kennard,29,LAL,SG,16,1,22.8,3.8,6.7,.570,1.6,3.4,.463,2.3,3.3,.679,.687,0.8,0.8,.923,0.3,2.1,2.4,1.9,0.6,0.2,0.9,1.8,9.9,,kennalu01
241,Kentavious Caldwell-Pope,32,MEM,SG,51,14,21.3,2.9,7.2,.410,1.1,3.4,.316,1.9,3.8,.495,.485,1.4,1.6,.913,0.4,2.1,2.5,2.7,0.8,0.2,1.2,1.1,8.4,,caldwke01
242,Simone Fontecchio,30,MIA,SF,60,5,16.9,2.7,6.9,.396,1.7,4.8,.361,1.0,2.1,.476,.522,1.3,1.5,.844,0.8,2.3,3.1,1.5,0.5,0.2,0.8,1.5,8.4,,fontesi01
243,Olivier-Maxence Prosper,23,MEM,PF,42,13,17.3,3.0,5.7,.531,1.0,2.4,.396,2.1,3.3,.630,.615,1.4,1.8,.784,1.1,2.3,3.3,1.0,0.6,0.3,0.9,1.4,8.4,,prospol01
244,Will Riley,19,WAS,SF,57,6,19.0,3.0,6.9,.434,0.9,2.7,.327,2.1,4.2,.504,.499,1.5,2.0,.786,0.8,1.7,2.5,1.6,0.6,0.1,1.1,1.1,8.4,,rileywi01
245,Al Horford,39,GSW,C,43,12,21.7,3.1,7.2,.424,1.7,4.6,.360,1.4,2.7,.535,.539,0.5,0.6,.846,1.0,4.0,5.0,2.6,0.7,1.2,1.0,1.2,8.3,,horfoal01
246,Kadary Richmond,24,WAS,SG,3,0,22.3,3.3,5.3,.625,0.7,1.3,.500,2.7,4.0,.667,.688,1.0,1.0,1.000,0.3,3.0,3.3,2.7,2.7,0.3,0.7,0.7,8.3,,richmka01
247,Nolan Traoré,19,BRK,PG,43,20,22.2,3.1,7.8,.397,1.0,2.9,.336,2.1,4.9,.433,.460,1.1,1.5,.778,0.3,1.3,1.6,3.7,0.7,0.3,2.0,2.1,8.3,,traorno01
248,Jaden Hardy,23,2TM,SG,44,4,14.2,2.8,6.9,.406,1.5,4.1,.367,1.3,2.8,.463,.515,1.1,1.4,.778,0.3,1.2,1.5,0.8,0.3,0.1,1.0,1.3,8.2,,hardyja02
248,Jaden Hardy,23,DAL,SG,34,4,12.6,2.3,5.7,.402,1.4,3.6,.371,0.9,2.1,.457,.521,0.9,1.2,.775,0.3,1.1,1.4,0.9,0.3,0.1,0.8,1.1,6.9,,hardyja02
248,Jaden Hardy,23,WAS,SG,10,0,19.7,4.5,10.9,.413,2.0,5.6,.357,2.5,5.3,.472,.505,1.8,2.3,.783,0.2,1.8,2.0,0.8,0.2,0.2,1.6,2.0,12.8,,hardyja02
249,Dominick Barlow,22,PHI,PF,55,48,24.3,3.2,6.1,.535,0.4,1.3,.274,2.9,4.7,.608,.565,1.3,1.9,.709,1.9,2.7,4.6,1.1,0.9,0.7,0.8,2.0,8.2,,barlodo01
250,Bradley Beal,32,LAC,SG,6,6,20.2,3.0,8.0,.375,1.2,3.2,.368,1.8,4.8,.379,.448,1.0,1.3,.750,0.3,0.5,0.8,1.7,0.5,0.0,1.5,2.3,8.2,,bealbr01
251,Justin Champagnie,24,WAS,SF,58,15,19.3,3.2,6.2,.510,0.7,2.2,.323,2.4,4.0,.615,.568,1.1,1.4,.771,2.2,3.4,5.6,1.1,0.8,0.6,0.7,1.6,8.2,,champju01
252,Moussa Diabaté,24,CHO,C,59,33,25.9,3.2,5.1,.628,0.0,0.0,.500,3.2,5.1,.629,.630,1.7,2.6,.669,3.8,4.9,8.7,1.8,0.7,1.0,0.9,2.4,8.1,,diabamo01
253,Bryce McGowens,23,NOP,SG,42,13,21.0,2.7,5.6,.481,0.9,2.2,.409,1.8,3.4,.528,.561,1.8,2.3,.779,0.3,1.8,2.1,1.5,0.6,0.2,0.4,2.1,8.1,,mcgowbr01
254,Obi Toppin,27,IND,PF,10,3,16.4,2.7,6.8,.397,0.8,3.7,.216,1.9,3.1,.613,.456,1.9,2.2,.864,0.6,3.8,4.4,1.5,0.6,0.0,0.8,1.4,8.1,,toppiob01
255,Ryan Kalkbrenner,24,CHO,C,54,30,22.2,3.4,4.5,.743,0.0,0.1,.000,3.4,4.5,.752,.743,1.2,1.8,.677,2.6,3.3,5.9,0.8,0.5,1.5,0.9,1.6,8.0,,kalkbry01
256,Tristan Vukcevic,22,WAS,C,40,8,12.9,2.8,6.0,.469,0.7,2.5,.296,2.1,3.5,.589,.529,1.6,2.1,.793,0.7,2.3,3.0,1.2,0.4,0.7,1.2,1.5,8.0,,vukcetr01
257,Moritz Wagner,28,ORL,C,25,0,13.0,2.6,5.9,.439,0.8,2.1,.358,1.8,3.8,.484,.503,2.0,2.5,.823,1.0,2.6,3.5,0.8,0.6,0.0,0.6,1.8,8.0,,wagnemo01
258,Jared McCain,21,2TM,SG,52,1,17.3,2.8,6.9,.412,1.4,3.7,.395,1.4,3.3,.432,.517,0.8,0.9,.894,0.3,1.8,2.2,1.4,0.6,0.0,0.9,1.3,7.9,,mccaija01
258,Jared McCain,21,PHI,SG,37,1,16.8,2.4,6.2,.385,1.2,3.2,.378,1.2,3.0,.393,.483,0.6,0.7,.880,0.2,1.9,2.0,1.7,0.6,0.1,0.8,1.2,6.6,,mccaija01
258,Jared McCain,21,OKC,SG,15,0,18.7,3.9,8.5,.461,2.0,4.7,.423,1.9,3.8,.509,.578,1.3,1.5,.909,0.7,1.7,2.5,0.9,0.6,0.0,1.1,1.5,11.2,,mccaija01
259,Buddy Hield,33,2TM,SG,45,3,17.2,2.9,6.7,.432,1.5,4.4,.342,1.4,2.3,.600,.543,0.6,0.8,.794,0.6,1.8,2.4,1.5,0.8,0.2,1.0,1.2,7.9,,hieldbu01
259,Buddy Hield,33,GSW,SG,44,3,17.5,3.0,6.8,.433,1.5,4.4,.344,1.4,2.4,.600,.545,0.6,0.8,.794,0.6,1.9,2.5,1.5,0.8,0.2,1.0,1.3,8.0,,hieldbu01
259,Buddy Hield,33,ATL,SG,1,0,5.0,0.0,1.0,.000,0.0,1.0,.000,0.0,0.0,,.000,0.0,0.0,,0.0,0.0,0.0,0.0,0.0,0.0,1.0,0.0,0.0,,hieldbu01
260,Daeqwon Plowden,27,SAC,SG,18,2,23.6,2.7,6.9,.392,1.2,4.4,.278,1.5,2.6,.587,.480,1.2,1.3,.917,1.1,2.1,3.2,1.1,0.5,0.2,0.4,1.8,7.9,,plowdda01
261,Kris Dunn,31,LAC,PG,66,60,27.6,3.0,6.0,.489,1.0,2.7,.369,2.0,3.4,.583,.570,0.9,1.1,.781,0.7,2.6,3.3,3.7,1.5,0.1,1.4,2.3,7.8,,dunnkr01
262,Brook Lopez,37,LAC,C,59,24,20.3,2.8,6.8,.418,1.5,4.2,.354,1.4,2.6,.519,.526,0.7,0.8,.851,0.4,2.7,3.1,1.1,0.6,1.0,0.8,1.9,7.8,,lopezbr01
263,Collin Murray-Boyles,20,TOR,PF,47,22,22.3,3.2,5.8,.557,0.4,1.0,.354,2.9,4.7,.601,.589,1.0,1.5,.653,2.4,2.5,5.0,2.0,0.9,0.9,1.1,2.5,7.8,,murraco01
264,Bogdan Bogdanović,33,LAC,SG,18,3,21.6,2.6,7.1,.367,1.4,4.3,.321,1.2,2.8,.440,.465,1.1,1.3,.826,0.3,2.6,2.9,2.7,0.6,0.1,1.3,2.3,7.7,,bogdabo01
265,Gui Santos,23,GSW,PF,55,19,18.4,2.9,5.9,.497,1.1,3.0,.347,1.9,2.8,.658,.587,0.8,1.2,.667,1.1,2.6,3.7,2.0,0.8,0.4,1.2,1.8,7.7,,santogu01
266,Nique Clifford,23,SAC,SG,63,17,23.4,2.9,7.2,.407,0.9,2.8,.315,2.0,4.3,.467,.469,0.8,1.2,.712,0.9,2.6,3.5,2.0,0.9,0.3,1.3,2.0,7.6,,cliffni01
267,Daniss Jenkins,24,DET,PG,57,8,17.3,2.7,6.7,.402,0.8,2.4,.356,1.9,4.4,.427,.465,1.3,1.7,.773,0.5,1.3,1.9,3.1,0.9,0.2,1.3,1.4,7.6,,jenkida01
268,Cameron Payne,31,PHI,PG,12,1,16.6,2.6,6.5,.397,1.5,4.4,.340,1.1,2.1,.520,.513,0.9,1.0,.917,0.2,1.4,1.6,3.0,1.2,0.3,0.4,1.5,7.6,,payneca01
269,Quinten Post,25,GSW,PF,63,33,17.2,2.8,6.5,.434,1.4,4.1,.331,1.5,2.4,.612,.539,0.5,0.7,.805,1.0,3.0,4.1,1.4,0.4,0.5,0.8,1.9,7.6,,postqu01
270,Vince Williams Jr.,25,2TM,PG,40,12,20.5,2.6,7.3,.353,1.4,4.4,.311,1.2,2.9,.417,.447,1.0,1.3,.780,1.0,2.9,3.9,4.2,0.7,0.4,1.8,2.0,7.5,,willivi01
270,Vince Williams Jr.,25,MEM,PG,34,12,21.6,2.7,7.8,.352,1.4,4.7,.308,1.3,3.1,.419,.445,1.1,1.4,.804,1.0,3.0,4.0,4.4,0.8,0.4,1.9,2.1,8.0,,willivi01
270,Vince Williams Jr.,25,UTA,SG,6,0,14.0,1.7,4.7,.357,1.0,3.0,.333,0.7,1.7,.400,.464,0.3,0.7,.500,0.8,2.3,3.2,2.7,0.3,0.3,1.2,1.5,4.7,,willivi01
271,Bruce Brown,29,DEN,SG,67,2,24.9,2.9,6.3,.461,0.6,1.7,.363,2.3,4.6,.497,.510,1.1,1.5,.752,1.1,2.7,3.9,2.1,1.1,0.2,1.1,2.4,7.5,,brownbr01
272,LJ Cryer,24,GSW,PG,8,0,12.8,2.3,5.0,.450,1.8,4.1,.424,0.5,0.9,.571,.625,1.3,1.4,.909,0.4,1.4,1.8,0.6,0.1,0.0,0.3,1.5,7.5,,cryerlj01
273,Nikola Jović,22,MIA,PF,45,1,17.6,2.5,6.8,.370,1.0,3.6,.272,1.5,3.2,.483,.443,1.5,2.2,.683,0.6,2.8,3.4,2.2,0.6,0.4,1.4,1.4,7.5,,jovicni01
274,Terance Mann,29,BRK,SG,56,46,24.6,2.8,6.0,.464,0.9,2.4,.360,1.9,3.5,.535,.537,1.1,1.4,.803,1.1,2.0,3.2,3.2,0.6,0.3,1.1,2.4,7.5,,mannte01
275,Gary Trent Jr.,27,MIL,SG,55,17,21.1,2.6,6.8,.380,1.8,5.0,.353,0.8,1.8,.455,.509,0.6,0.8,.791,0.1,0.9,1.0,1.3,0.5,0.1,0.5,1.3,7.5,,trentga02
276,Grant Williams,27,CHO,PF,23,3,19.5,2.3,5.3,.431,1.5,3.9,.393,0.8,1.5,.529,.573,1.3,1.6,.838,1.3,2.7,4.0,1.9,0.5,0.3,0.9,1.6,7.5,,willigr01
277,Jaylin Williams,23,OKC,PF,52,11,20.5,2.4,5.7,.419,1.5,4.1,.371,0.9,1.6,.541,.552,1.2,1.5,.788,0.5,5.0,5.5,2.6,0.5,0.7,1.2,2.0,7.5,,willija07
278,Nate Williams,26,GSW,SG,6,0,14.5,2.7,5.7,.471,0.8,2.0,.417,1.8,3.7,.500,.544,1.3,1.5,.889,1.7,0.3,2.0,1.0,0.3,0.0,0.8,2.0,7.5,,willije02
279,Jose Alvarado,27,2TM,PG,57,0,20.4,2.6,6.5,.409,1.5,4.4,.341,1.2,2.1,.550,.524,0.5,0.6,.778,0.4,2.2,2.5,3.3,1.0,0.1,1.1,1.9,7.3,,alvarjo01
279,Jose Alvarado,27,NOP,PG,41,0,21.9,2.9,6.8,.418,1.7,4.7,.363,1.1,2.1,.540,.543,0.5,0.6,.833,0.4,2.4,2.8,3.1,0.9,0.1,1.1,2.0,7.9,,alvarjo01
279,Jose Alvarado,27,NYK,PG,16,0,16.5,2.1,5.6,.382,0.9,3.5,.268,1.2,2.1,.576,.466,0.5,0.8,.667,0.3,1.6,1.9,3.6,1.1,0.1,0.9,1.8,5.7,,alvarjo01
280,Bones Hyland,25,MIN,PG,58,3,14.8,2.6,5.6,.462,1.4,3.5,.390,1.2,2.1,.582,.584,0.7,0.9,.741,0.4,1.3,1.6,2.5,0.5,0.2,0.8,1.7,7.3,,hylanbo01
281,Walter Clayton,22,2TM,PG,56,2,19.4,2.4,6.2,.384,0.9,3.2,.287,1.4,2.9,.491,.460,1.5,1.6,.912,0.3,1.7,2.0,3.8,0.7,0.3,1.5,1.8,7.2,,claytwa01
281,Walter Clayton,22,UTA,PG,45,0,18.0,2.3,5.7,.398,1.0,3.2,.308,1.3,2.5,.513,.484,1.3,1.4,.935,0.3,1.6,2.0,3.2,0.5,0.3,1.3,1.7,6.8,,claytwa01
281,Walter Clayton,22,MEM,PG,11,2,25.3,2.8,8.2,.344,0.7,3.5,.211,2.1,4.7,.442,.389,2.3,2.6,.862,0.0,2.0,2.0,6.5,1.3,0.2,2.5,1.9,8.6,,claytwa01
282,Luka Garza,27,BOS,C,56,4,15.7,2.6,4.6,.562,0.7,1.7,.421,1.9,2.9,.644,.640,1.3,1.7,.766,2.2,1.6,3.9,0.9,0.4,0.4,0.6,2.3,7.2,,garzalu01
283,Caris LeVert,31,DET,SG,46,0,19.4,2.6,6.4,.410,1.0,3.1,.319,1.7,3.3,.494,.486,0.9,1.4,.683,0.3,1.4,1.7,2.6,0.9,0.6,1.4,1.6,7.2,,leverca01
284,Sharife Cooper,24,WAS,PG,24,0,15.0,2.6,5.3,.496,0.6,1.6,.359,2.0,3.7,.557,.551,1.2,1.5,.778,0.4,1.5,1.9,2.3,0.3,0.1,1.4,1.5,7.0,,coopesh01
285,Jaxson Hayes,25,LAL,C,54,8,17.7,2.9,3.8,.752,0.0,0.0,1.000,2.8,3.8,.750,.757,1.2,1.8,.670,1.5,2.5,4.0,0.9,0.4,0.6,0.5,1.9,7.0,,hayesja02
286,Lawson Lovering,22,MEM,C,2,1,24.5,3.0,5.0,.600,0.0,0.0,,3.0,5.0,.600,.600,1.0,2.5,.400,3.0,4.5,7.5,1.5,1.5,0.5,1.0,3.5,7.0,,loverla01
287,Kobe Sanders,23,LAC,SG,55,16,20.7,2.6,5.6,.456,1.1,2.8,.401,1.5,2.9,.510,.555,0.8,1.0,.811,0.5,2.0,2.5,1.6,0.6,0.1,1.3,2.1,7.0,,sandeko01
288,Julian Strawther,23,DEN,SG,44,12,15.3,2.5,5.4,.464,0.9,2.6,.348,1.6,2.8,.573,.548,1.1,1.4,.800,0.2,1.8,2.0,1.0,0.5,0.1,0.6,1.3,7.0,,strawju01
289,Javonte Green,32,DET,SG,66,5,18.2,2.3,5.2,.439,1.1,3.0,.365,1.2,2.2,.538,.544,1.3,1.6,.819,0.8,2.0,2.8,0.7,1.3,0.3,0.6,1.4,6.9,,greenja02
290,Will Richard,23,GSW,SG,56,17,19.7,2.5,5.3,.470,1.1,3.2,.339,1.4,2.1,.669,.572,0.8,0.9,.843,1.0,1.6,2.6,1.4,1.2,0.1,0.8,1.9,6.9,,richawi02
291,Ben Sheppard,24,IND,SG,56,19,21.6,2.5,6.0,.418,1.3,3.7,.348,1.2,2.3,.531,.525,0.6,0.8,.756,0.6,2.4,3.1,1.8,0.6,0.1,0.7,1.8,6.9,,sheppbe01
292,Patrick Williams,24,CHI,PF,57,4,19.5,2.5,6.4,.381,1.3,3.6,.369,1.1,2.8,.398,.485,0.6,0.9,.712,0.7,2.2,2.9,1.4,0.6,0.4,1.0,1.3,6.9,,willipa01
293,Robert Williams,28,POR,C,46,1,16.8,3.1,4.2,.731,0.2,0.4,.350,2.9,3.8,.775,.749,0.6,0.9,.643,2.2,4.5,6.7,1.1,0.7,1.5,0.8,1.2,6.9,,williro04
294,Taylor Hendricks,22,2TM,PF,48,10,17.9,2.5,5.4,.469,1.0,2.7,.362,1.5,2.7,.578,.560,0.8,1.2,.638,1.1,2.5,3.6,1.0,0.6,0.4,0.8,1.6,6.8,,hendrta01
294,Taylor Hendricks,22,UTA,PF,33,6,14.9,1.8,3.9,.453,0.7,2.1,.343,1.0,1.8,.586,.547,0.7,1.0,.719,0.9,2.1,3.0,0.7,0.4,0.2,0.6,1.2,4.9,,hendrta01
294,Taylor Hendricks,22,MEM,PF,15,4,24.3,4.2,8.7,.485,1.5,4.0,.383,2.7,4.7,.571,.573,0.9,1.7,.538,1.7,3.3,5.1,1.5,1.1,0.9,1.3,2.4,10.9,,hendrta01
295,Devin Carter,23,SAC,PG,27,2,14.3,2.4,6.1,.396,0.4,2.3,.194,2.0,3.8,.520,.433,1.5,1.9,.804,0.8,1.8,2.6,2.1,0.8,0.2,1.1,1.1,6.8,,cartede02
296,Seth Curry,35,GSW,SG,4,0,12.8,2.5,4.3,.588,1.0,1.8,.571,1.5,2.5,.600,.706,0.8,0.8,1.000,0.8,0.8,1.5,1.8,0.5,0.0,0.0,0.8,6.8,,curryse01
297,Kevin Love,37,UTA,PF,36,5,16.6,2.2,5.4,.404,1.4,3.8,.380,0.7,1.6,.464,.539,1.0,1.2,.833,1.5,4.4,5.9,1.8,0.4,0.3,0.8,1.4,6.8,,loveke01
298,Jamal Shead,23,TOR,PG,66,7,22.0,2.3,6.3,.368,1.1,3.3,.326,1.2,3.0,.415,.454,1.1,1.4,.763,0.3,1.6,1.9,5.1,1.0,0.2,1.4,2.0,6.8,,sheadja01
299,Kyle Anderson,32,3TM,SF,29,3,19.5,2.7,4.7,.562,0.1,0.2,.667,2.5,4.5,.557,.577,1.3,1.9,.685,0.8,2.5,3.3,2.6,1.0,0.6,0.9,2.5,6.7,,anderky01
299,Kyle Anderson,32,UTA,SF,20,0,20.1,2.9,5.5,.523,0.2,0.3,.600,2.7,5.2,.519,.537,1.3,1.9,.658,1.0,2.4,3.3,3.1,1.2,0.5,0.9,2.3,7.1,,anderky01
299,Kyle Anderson,32,MEM,SF,4,3,22.3,3.8,4.8,.789,0.3,0.3,1.000,3.5,4.5,.778,.816,1.5,2.0,.750,0.8,2.8,3.5,0.8,1.5,1.0,1.8,3.0,9.3,,anderky01
299,Kyle Anderson,32,MIN,SF,5,0,15.2,1.0,1.8,.556,0.0,0.0,,1.0,1.8,.556,.556,1.2,1.6,.750,0.2,3.0,3.2,2.4,0.2,0.4,0.6,3.0,3.2,,anderky01
300,Tyrese Martin,26,2TM,SG,43,6,17.8,2.5,6.4,.393,1.2,3.8,.323,1.3,2.6,.495,.489,0.4,0.7,.679,0.8,1.8,2.6,1.8,0.6,0.1,0.9,0.8,6.7,,martity01
300,Tyrese Martin,26,BRK,SG,37,6,18.8,2.7,6.9,.392,1.4,4.1,.336,1.3,2.8,.476,.492,0.5,0.7,.731,0.9,2.0,2.9,1.9,0.6,0.1,0.9,0.8,7.3,,martity01
300,Tyrese Martin,26,PHI,SG,6,0,11.7,1.3,3.3,.400,0.3,2.0,.167,1.0,1.3,.750,.450,0.0,0.3,.000,0.3,0.8,1.2,1.5,0.5,0.3,1.2,0.5,3.0,,martity01
301,Cole Anthony,25,MIL,PG,35,0,15.1,2.8,6.6,.424,0.6,2.1,.306,2.2,4.5,.478,.472,0.5,0.7,.615,0.5,2.0,2.5,3.5,0.6,0.3,1.9,2.1,6.7,,anthoco01
302,Luke Kornet,30,SAS,C,56,23,21.2,2.6,4.1,.646,0.0,0.0,,2.6,4.1,.646,.646,1.4,1.7,.819,2.8,3.3,6.1,1.8,0.4,1.1,0.4,1.9,6.7,,kornelu01
303,Paul Reed,26,DET,C,49,8,12.9,2.8,4.7,.598,0.2,0.6,.367,2.6,4.1,.633,.622,0.9,1.4,.643,2.0,2.4,4.4,1.1,0.9,0.8,0.9,1.7,6.7,,reedpa01
304,Kenrich Williams,31,OKC,PF,45,2,15.8,2.5,5.1,.489,1.0,2.3,.410,1.6,2.8,.556,.582,0.6,1.0,.674,1.0,2.3,3.2,1.4,0.5,0.1,0.8,1.1,6.6,,willike04
305,Alex Caruso,31,OKC,SG,44,0,18.6,2.4,5.6,.419,1.0,3.4,.302,1.3,2.3,.596,.510,0.7,0.9,.775,0.6,2.1,2.7,2.0,1.4,0.3,0.9,1.2,6.5,,carusal01
306,Andre Drummond,32,PHI,C,49,24,19.4,2.6,5.3,.484,0.4,1.4,.328,2.1,3.9,.539,.527,1.0,1.5,.627,3.2,5.2,8.4,1.0,0.6,0.8,1.0,2.1,6.5,,drumman01
307,Pat Spencer,29,GSW,PG,50,12,17.2,2.5,5.9,.424,0.8,2.2,.366,1.7,3.7,.459,.493,0.6,0.8,.762,0.7,1.5,2.3,3.4,0.7,0.1,1.2,1.2,6.5,,spencpa01
308,Ja'Kobe Walter,21,TOR,SG,56,11,19.0,2.2,5.2,.416,1.2,3.4,.354,1.0,1.9,.529,.531,0.9,1.1,.823,0.7,1.6,2.3,1.1,1.0,0.2,0.5,2.1,6.5,,walteja01
309,Cody Williams,21,UTA,SG,53,27,21.8,2.7,5.7,.470,0.4,1.7,.225,2.3,4.0,.573,.503,0.8,1.1,.667,0.9,1.8,2.7,1.4,0.7,0.4,0.8,1.8,6.5,,willico04
310,Isaiah Jackson,24,2TM,C,47,14,16.2,2.5,4.2,.604,0.0,0.0,.000,2.5,4.2,.607,.604,1.3,2.0,.652,2.1,3.2,5.3,0.9,0.7,0.8,1.0,2.7,6.3,,jacksis01
310,Isaiah Jackson,24,IND,C,38,14,16.8,2.5,4.3,.582,0.0,0.0,.000,2.5,4.3,.585,.582,1.3,1.9,.689,2.3,3.3,5.6,0.8,0.7,0.8,1.1,2.8,6.4,,jacksis01
310,Isaiah Jackson,24,LAC,C,9,0,13.6,2.6,3.6,.719,0.0,0.0,,2.6,3.6,.719,.719,1.0,2.0,.500,1.4,2.8,4.2,1.0,0.6,1.1,0.6,2.2,6.1,,jacksis01
311,Jamaree Bouyea,26,PHO,PG,34,0,15.2,2.5,5.3,.475,0.6,1.8,.306,2.0,3.5,.563,.528,0.6,0.9,.710,0.4,1.4,1.9,1.8,0.7,0.4,0.6,0.9,6.3,,bouyeja01
312,Gary Payton II,33,GSW,SG,59,1,14.2,2.7,5.1,.536,0.5,1.8,.295,2.2,3.3,.665,.588,0.3,0.4,.667,1.3,2.1,3.4,1.6,0.8,0.3,0.9,1.7,6.3,,paytoga02
313,Keon Ellis,26,2TM,SG,58,6,19.3,2.2,5.0,.432,1.3,3.5,.378,0.9,1.6,.549,.562,0.6,0.8,.667,0.4,1.3,1.7,0.8,1.2,0.7,0.5,1.8,6.2,,elliske01
313,Keon Ellis,26,SAC,SG,43,5,17.6,1.9,4.9,.397,1.2,3.3,.368,0.7,1.5,.462,.524,0.5,0.7,.625,0.3,0.9,1.3,0.6,1.1,0.5,0.5,1.6,5.6,,elliske01
313,Keon Ellis,26,CLE,SG,15,1,23.9,2.9,5.5,.518,1.5,3.8,.404,1.3,1.7,.769,.657,0.8,1.1,.750,0.7,2.3,2.9,1.5,1.5,1.3,0.6,2.2,8.1,,elliske01
314,Gradey Dick,22,TOR,SG,63,1,15.1,2.2,5.2,.419,0.8,2.6,.301,1.4,2.6,.540,.495,1.1,1.3,.873,0.6,1.5,2.1,0.7,0.6,0.1,0.6,1.4,6.2,,dickgr01
315,Tre Mann,24,CHO,PG,43,1,14.5,2.3,6.5,.358,1.1,3.4,.324,1.2,3.1,.396,.443,0.5,0.6,.840,0.5,1.6,2.1,1.9,0.5,0.1,1.2,1.5,6.2,,manntr01
316,Ryan Nembhard,22,DAL,PG,46,18,18.1,2.5,6.0,.424,0.8,2.2,.380,1.7,3.8,.449,.493,0.3,0.4,.789,0.2,1.7,1.8,4.7,0.3,0.0,1.4,1.3,6.2,,nembhry01
317,Drake Powell,20,BRK,SG,50,12,19.5,2.1,5.1,.420,0.8,2.7,.291,1.4,2.4,.562,.496,1.1,1.3,.905,0.3,1.4,1.7,1.5,0.5,0.2,1.0,1.4,6.2,,poweldr01
318,Tidjane Salaün,20,CHO,PF,36,0,15.9,2.2,4.4,.506,1.0,2.3,.434,1.2,2.1,.587,.620,0.7,1.1,.650,0.7,3.4,4.1,0.8,0.4,0.2,0.7,1.5,6.2,,salauti01
319,Trendon Watford,25,PHI,PF,43,7,16.5,2.5,4.9,.514,0.2,0.9,.256,2.3,4.0,.572,.538,0.9,1.3,.741,0.7,2.6,3.3,2.5,0.3,0.4,1.1,2.0,6.2,,watfotr01
320,Kasparas Jakučionis,19,MIA,PG,40,11,17.9,2.0,4.6,.426,1.3,3.0,.437,0.7,1.6,.406,.568,0.9,1.1,.881,0.8,2.0,2.8,2.5,0.7,0.1,1.1,2.0,6.1,,jakucka01
321,Josh Minott,23,2TM,PF,40,10,15.7,2.1,4.2,.503,1.0,2.5,.418,1.1,1.7,.623,.626,0.8,1.0,.769,1.1,2.2,3.3,0.9,0.8,0.4,0.7,1.3,6.0,,minotjo01
321,Josh Minott,23,BOS,PF,33,10,15.9,2.1,4.1,.507,1.0,2.3,.442,1.1,1.8,.593,.632,0.6,0.8,.769,1.2,2.4,3.6,1.0,0.7,0.4,0.6,1.5,5.8,,minotjo01
321,Josh Minott,23,BRK,SF,7,0,14.3,2.1,4.4,.484,1.0,3.0,.333,1.1,1.4,.800,.597,1.4,1.9,.769,0.6,1.3,1.9,0.6,1.0,0.6,1.3,0.3,6.7,,minotjo01
322,Andersson Garcia,25,UTA,,2,0,27.0,2.0,5.5,.364,0.0,1.5,.000,2.0,4.0,.500,.364,2.0,2.0,1.000,3.5,2.5,6.0,1.0,1.5,0.5,2.0,4.0,6.0,,garcian01
323,Oso Ighodaro,23,PHO,PF,67,13,21.1,2.7,4.1,.644,0.0,0.0,.000,2.7,4.1,.646,.644,0.6,1.3,.467,1.6,3.2,4.8,2.0,0.9,0.6,1.2,2.6,6.0,,ighodos01
324,DeJon Jarreau,28,MEM,SG,1,0,24.0,2.0,6.0,.333,0.0,2.0,.000,2.0,4.0,.500,.333,2.0,2.0,1.000,2.0,5.0,7.0,3.0,1.0,0.0,3.0,2.0,6.0,,jarrede01
325,Sean Pedulla,23,LAC,PG,1,0,6.0,2.0,4.0,.500,2.0,4.0,.500,0.0,0.0,,.750,0.0,0.0,,0.0,1.0,1.0,3.0,0.0,0.0,0.0,0.0,6.0,,pedulse01
326,Jevon Carter,30,2TM,PG,36,0,14.9,2.0,5.4,.378,1.5,4.0,.368,0.6,1.4,.408,.516,0.4,0.5,.824,0.2,1.3,1.5,1.5,0.6,0.3,0.6,1.0,5.9,,carteje01
326,Jevon Carter,30,CHI,PG,23,0,11.0,1.8,4.5,.398,1.4,3.4,.410,0.4,1.1,.360,.553,0.4,0.4,1.000,0.2,0.9,1.1,0.8,0.6,0.1,0.5,0.8,5.4,,carteje01
326,Jevon Carter,30,ORL,PG,13,0,21.7,2.5,6.9,.356,1.6,5.1,.318,0.8,1.8,.458,.472,0.3,0.5,.571,0.2,1.9,2.2,2.8,0.7,0.5,0.8,1.4,6.8,,carteje01
327,Sidy Cissoko,21,POR,SF,60,24,21.0,2.1,5.1,.406,1.0,3.0,.315,1.1,2.0,.541,.500,0.9,1.3,.679,0.9,1.5,2.4,1.5,0.8,0.4,1.0,2.6,5.9,,cissosi01
328,Dru Smith,28,MIA,SG,64,1,17.1,2.0,4.9,.415,0.6,1.9,.306,1.4,2.9,.487,.476,1.3,1.6,.832,0.9,1.7,2.6,2.7,1.5,0.3,0.8,1.6,5.9,,smithdr01
329,Nae'Qwan Tomlin,25,CLE,PF,52,2,15.9,2.4,5.1,.468,0.4,1.8,.208,2.0,3.3,.615,.506,0.8,1.0,.741,1.3,1.5,2.9,0.8,0.7,0.6,0.4,2.0,5.9,,tomlina01
330,Jamir Watkins,24,WAS,SG,33,4,18.6,2.2,4.9,.448,0.8,2.7,.284,1.5,2.3,.640,.525,0.8,1.2,.658,0.9,2.5,3.4,0.9,0.8,0.5,0.5,2.6,5.9,,watkija01
331,Mac McClung,27,2TM,SG,4,0,11.8,2.3,6.3,.360,0.5,3.0,.167,1.8,3.3,.538,.400,0.8,1.0,.750,0.0,1.3,1.3,0.5,1.3,0.5,0.8,2.0,5.8,,mccluma01
331,Mac McClung,27,IND,SG,3,0,11.3,2.3,6.0,.389,0.7,3.3,.200,1.7,2.7,.625,.444,1.0,1.3,.750,0.0,1.3,1.3,0.3,1.7,0.3,0.7,2.0,6.3,,mccluma01
331,Mac McClung,27,CHI,SG,1,0,13.0,2.0,7.0,.286,0.0,2.0,.000,2.0,5.0,.400,.286,0.0,0.0,,0.0,1.0,1.0,1.0,0.0,1.0,1.0,2.0,4.0,,mccluma01
332,Steven Adams,32,HOU,C,32,11,22.8,2.2,4.3,.504,0.0,0.0,,2.2,4.3,.504,.504,1.5,2.5,.580,4.5,4.1,8.6,1.5,0.7,0.6,1.1,1.7,5.8,,adamsst01
333,Goga Bitadze,26,ORL,C,48,2,15.2,2.4,3.5,.689,0.0,0.2,.182,2.4,3.3,.724,.695,1.0,1.4,.687,2.0,2.9,4.9,1.2,0.6,1.1,0.5,2.0,5.8,,bitadgo01
334,Thomas Bryant,28,CLE,C,49,0,11.3,2.0,4.2,.483,0.7,2.2,.340,1.3,2.0,.636,.571,1.0,1.1,.873,0.9,2.2,3.1,0.6,0.3,0.5,0.4,1.2,5.8,,bryanth01
335,Spencer Jones,24,DEN,SF,55,35,22.7,2.2,4.3,.500,1.0,2.5,.400,1.2,1.9,.631,.613,0.5,0.9,.617,1.2,2.1,3.2,0.8,0.9,0.5,0.5,2.7,5.8,,jonessp01
336,Nick Smith Jr.,21,LAL,SG,25,1,12.7,2.2,5.3,.421,1.1,2.8,.391,1.2,2.6,.453,.523,0.3,0.4,.636,0.1,0.7,0.8,1.1,0.4,0.1,0.8,1.0,5.8,,smithni01
337,Dean Wade,29,CLE,PF,52,31,22.4,2.0,4.7,.432,1.2,3.4,.366,0.8,1.3,.603,.564,0.5,0.7,.711,0.9,3.4,4.2,1.5,0.8,0.4,0.3,1.6,5.8,,wadede01
338,Ryan Dunn,23,PHO,SF,59,14,19.4,2.3,5.2,.435,0.8,2.4,.326,1.5,2.8,.530,.511,0.3,0.7,.500,1.4,2.6,4.1,1.4,0.8,0.4,0.8,2.1,5.7,,dunnry01
339,Kris Murray,25,POR,SF,43,15,23.9,2.2,5.0,.444,0.5,2.1,.250,1.7,2.8,.590,.498,0.7,1.0,.711,1.7,2.1,3.8,1.1,1.0,0.4,0.8,1.7,5.7,,murrakr01
340,Taurean Prince,31,MIL,SF,10,0,20.2,2.0,4.8,.417,1.4,3.4,.412,0.6,1.4,.429,.563,0.3,0.3,1.000,0.0,1.7,1.7,0.8,0.7,0.2,0.5,2.3,5.7,,princta02
341,Marcus Sasser,25,DET,PG,25,5,12.0,2.0,4.5,.434,1.2,2.8,.429,0.8,1.7,.442,.566,0.5,0.6,.929,0.2,0.9,1.1,1.9,0.8,0.1,0.7,0.9,5.6,,sassema01
342,Nick Richards,28,2TM,C,43,3,14.1,2.0,4.0,.515,0.1,0.3,.231,2.0,3.7,.538,.523,1.4,2.1,.663,1.6,3.3,4.9,0.3,0.2,0.7,1.3,1.8,5.5,,richani01
342,Nick Richards,28,PHO,C,28,2,9.1,1.3,2.5,.493,0.0,0.0,,1.3,2.5,.493,.493,0.7,1.0,.679,1.3,2.0,3.3,0.3,0.1,0.5,0.9,1.4,3.2,,richani01
342,Nick Richards,28,CHI,C,15,1,23.5,3.5,6.7,.530,0.2,0.9,.231,3.3,5.8,.575,.545,2.7,4.1,.656,2.3,5.7,7.9,0.5,0.4,1.1,1.9,2.5,9.9,,richani01
343,Eric Gordon,37,PHI,SG,6,0,12.3,2.0,3.5,.571,1.3,2.3,.571,0.7,1.2,.571,.762,0.2,0.3,.500,0.2,0.2,0.3,0.5,0.7,0.2,0.5,0.5,5.5,,gordoer01
344,Sion James,23,CHO,SG,67,19,23.2,1.7,4.4,.372,1.0,2.7,.364,0.7,1.7,.386,.485,1.2,1.4,.839,0.6,2.9,3.5,2.0,0.6,0.3,0.9,1.8,5.5,,jamessi01
345,Karlo Matković,24,NOP,PF,54,2,14.1,2.2,3.5,.628,0.6,1.3,.465,1.6,2.2,.726,.715,0.5,0.6,.765,1.1,2.4,3.5,0.9,0.4,0.9,0.5,1.7,5.5,,matkoka01
346,Yves Missi,21,NOP,C,55,8,18.8,2.3,4.3,.540,0.0,0.0,.000,2.3,4.3,.542,.540,0.8,1.4,.570,2.8,2.8,5.6,1.1,0.3,1.4,0.7,1.7,5.5,,missiyv01
347,Dylan Cardwell,24,SAC,C,29,1,21.2,2.3,3.9,.598,0.0,0.0,.000,2.3,3.8,.604,.598,0.8,1.4,.550,3.1,4.6,7.7,1.2,0.8,1.6,0.8,3.7,5.4,,cardwdy01
348,Aaron Holiday,29,HOU,PG,43,1,13.0,1.8,4.6,.396,1.0,2.9,.360,0.8,1.7,.458,.510,0.7,0.9,.865,0.2,0.7,0.9,0.9,0.4,0.1,0.6,1.3,5.4,,holidaa01
349,Ousmane Dieng,22,2TM,C,42,7,15.0,2.0,4.8,.418,1.0,2.6,.378,1.0,2.1,.467,.522,0.3,0.4,.813,0.4,2.0,2.4,1.5,0.3,0.3,0.6,1.1,5.3,,diengou01
349,Ousmane Dieng,22,OKC,C,27,0,10.9,1.4,3.4,.418,0.7,1.8,.367,0.7,1.6,.476,.516,0.2,0.2,1.000,0.3,1.3,1.6,1.0,0.1,0.3,0.3,0.8,3.7,,diengou01
349,Ousmane Dieng,22,MIL,C,15,7,22.3,3.1,7.3,.418,1.6,4.1,.387,1.5,3.2,.458,.527,0.5,0.7,.700,0.7,3.3,3.9,2.3,0.7,0.4,1.1,1.7,8.2,,diengou01
350,Jett Howard,22,ORL,SF,44,0,12.4,1.8,4.5,.406,0.9,2.6,.353,0.9,1.8,.481,.510,0.8,0.8,.944,0.4,1.3,1.7,0.9,0.2,0.2,0.3,1.2,5.3,,howarje01
351,Jalen Pickett,26,DEN,SG,43,18,16.9,2.0,4.7,.422,1.0,2.6,.381,1.0,2.1,.473,.527,0.3,0.3,.923,0.4,2.0,2.5,2.4,0.3,0.1,0.7,0.9,5.3,,pickeja02
352,Mitchell Robinson,27,NYK,C,49,15,19.5,2.3,3.3,.702,0.0,0.0,,2.3,3.3,.702,.702,0.7,1.8,.395,4.4,4.4,8.9,0.9,0.8,1.1,0.7,2.2,5.3,,robinmi01
353,Ben Saraf,19,BRK,SG,30,6,17.7,1.8,4.9,.365,0.4,1.9,.228,1.4,3.0,.451,.409,1.3,1.6,.809,0.3,1.2,1.5,3.0,0.7,0.2,2.0,1.5,5.3,,sarafbe01
354,Jordan Walsh,21,BOS,PF,58,20,17.2,2.0,3.8,.525,0.7,1.7,.408,1.3,2.1,.618,.615,0.6,0.8,.750,1.3,2.8,4.1,0.7,0.7,0.4,0.6,2.1,5.3,,walshjo01
355,Blake Wesley,22,POR,SG,22,0,13.3,2.0,4.5,.449,0.5,1.4,.333,1.5,3.1,.500,.500,0.8,1.5,.545,0.3,1.0,1.3,2.4,0.7,0.1,1.1,1.4,5.3,,weslebl01
356,KJ Simpson,23,2TM,PG,17,2,14.5,1.9,5.6,.344,0.7,2.3,.308,1.2,3.4,.368,.406,0.6,1.1,.611,0.5,1.5,2.0,2.5,0.9,0.0,1.4,0.9,5.2,,simpskj01
356,KJ Simpson,23,CHO,PG,14,2,15.9,2.2,6.4,.348,0.9,2.8,.308,1.4,3.6,.380,.416,0.7,1.1,.625,0.4,1.7,2.1,2.5,1.1,0.0,1.7,1.0,6.0,,simpskj01
356,KJ Simpson,23,DEN,PG,3,0,7.7,0.7,2.3,.286,0.0,0.0,,0.7,2.3,.286,.286,0.3,0.7,.500,1.0,0.7,1.7,2.7,0.3,0.0,0.0,0.3,1.7,,simpskj01
357,Drew Eubanks,28,SAC,C,42,11,13.1,2.2,3.7,.596,0.0,0.2,.143,2.2,3.5,.617,.599,0.8,1.4,.561,0.9,2.1,3.0,0.5,0.4,0.6,0.7,1.4,5.2,,eubandr01
358,Garrison Mathews,29,IND,SG,15,1,13.1,1.4,3.5,.404,1.1,3.1,.370,0.3,0.4,.667,.567,1.3,1.5,.826,0.1,1.0,1.1,0.7,0.4,0.2,0.2,1.3,5.2,,mathega01
359,Jalen Wilson,25,BRK,PF,44,0,14.0,1.7,4.3,.382,1.0,2.8,.377,0.6,1.6,.391,.503,0.9,1.2,.745,0.2,1.4,1.6,0.6,0.4,0.0,0.5,1.3,5.2,,wilsoja03
360,Johnny Furphy,21,IND,SG,35,21,18.4,2.0,4.3,.470,0.7,2.0,.324,1.3,2.2,.603,.547,0.5,1.0,.486,0.9,3.5,4.4,1.2,0.6,0.2,0.8,1.9,5.1,,furphjo01
361,Ethan Thompson,26,IND,SG,24,6,17.4,1.8,5.0,.367,1.0,3.1,.307,0.9,1.9,.467,.463,0.5,0.7,.706,0.5,1.3,1.8,1.5,0.6,0.3,0.7,2.0,5.1,,thompet01
362,Justin Edwards,22,PHI,SF,49,6,14.6,1.8,4.2,.420,0.9,2.6,.357,0.9,1.7,.519,.529,0.5,0.6,.857,0.5,1.1,1.6,1.2,0.8,0.2,0.6,1.6,5.0,,edwarju01
363,Jahmai Mashack,23,MEM,SG,23,3,18.4,2.0,5.2,.392,0.6,2.1,.271,1.5,3.1,.472,.446,0.4,0.7,.529,0.7,1.3,2.0,1.3,1.2,0.5,0.9,2.0,5.0,,mashaja01
364,Asa Newell,20,ATL,PF,40,1,11.1,2.0,3.7,.537,0.7,1.7,.391,1.3,2.0,.663,.628,0.4,0.6,.560,0.9,1.1,2.0,0.5,0.4,0.3,0.5,1.6,5.0,,newelas01
365,Josh Okogie,27,HOU,SG,63,29,18.7,1.8,4.1,.435,0.9,2.3,.400,0.9,1.8,.478,.546,0.5,0.9,.576,1.1,1.6,2.7,0.9,0.8,0.2,0.6,1.5,5.0,,okogijo01
366,Jalen Slawson,26,IND,SF,2,0,21.5,1.5,5.5,.273,0.5,3.5,.143,1.0,2.0,.500,.318,1.5,2.0,.750,2.0,3.5,5.5,4.0,1.0,0.5,1.5,1.5,5.0,,slawsja01
367,Branden Carlson,26,OKC,C,35,2,10.7,2.0,3.8,.522,0.6,1.7,.344,1.4,2.1,.671,.601,0.3,0.5,.529,0.7,1.9,2.6,0.6,0.2,0.5,0.4,0.9,4.9,,carlsbr01
368,Josh Green,25,CHO,SG,43,0,16.6,1.6,3.4,.473,1.1,2.6,.427,0.5,0.9,.605,.632,0.5,0.6,.885,0.9,1.1,2.0,1.0,0.6,0.1,0.6,1.2,4.9,,greenjo02
369,Baylor Scheierman,25,BOS,SG,61,17,17.0,1.8,3.9,.460,1.1,2.8,.388,0.7,1.1,.646,.600,0.3,0.3,.889,0.6,2.7,3.3,1.3,0.5,0.1,0.6,1.3,4.9,,scheiba01
370,Guerschon Yabusele,30,2TM,C,56,12,13.3,1.6,4.1,.400,0.9,2.6,.361,0.7,1.5,.465,.513,0.5,0.8,.698,0.8,2.4,3.2,0.9,0.3,0.2,0.6,1.1,4.8,,yabusgu01
370,Guerschon Yabusele,30,NYK,C,41,0,8.9,1.0,2.6,.393,0.5,1.7,.294,0.5,1.0,.564,.486,0.2,0.3,.667,0.6,1.5,2.1,0.4,0.1,0.1,0.4,0.9,2.7,,yabusgu01
370,Guerschon Yabusele,30,CHI,C,15,12,25.4,3.3,8.2,.407,2.1,5.1,.421,1.2,3.1,.383,.537,1.5,2.1,.710,1.2,4.8,6.0,2.1,0.8,0.4,1.1,1.8,10.3,,yabusgu01
371,Tyrese Proctor,21,CLE,PG,42,1,10.4,1.7,4.2,.395,0.9,2.5,.336,0.8,1.7,.486,.497,0.6,0.7,.862,0.1,0.9,1.0,1.3,0.4,0.0,0.6,1.1,4.8,,proctty01
372,Ochai Agbaji,25,2TM,SG,53,13,15.4,1.9,4.2,.448,0.5,1.8,.266,1.4,2.4,.581,.504,0.5,0.6,.839,0.8,1.5,2.2,0.8,0.4,0.3,0.5,1.6,4.7,,agbajoc01
372,Ochai Agbaji,25,TOR,SG,42,13,15.5,1.7,4.0,.424,0.3,1.5,.185,1.4,2.5,.571,.459,0.6,0.7,.862,0.8,1.5,2.3,0.7,0.4,0.3,0.5,1.8,4.3,,agbajoc01
372,Ochai Agbaji,25,BRK,SG,11,0,15.1,2.5,4.8,.528,1.2,2.6,.448,1.4,2.2,.625,.651,0.1,0.2,.500,0.6,1.5,2.2,1.0,0.4,0.5,0.7,0.7,6.4,,agbajoc01
373,Mouhamed Gueye,23,ATL,PF,63,5,15.4,1.8,3.9,.457,0.5,1.7,.288,1.3,2.3,.580,.518,0.6,1.0,.639,1.3,2.4,3.7,0.9,0.8,0.5,0.5,1.7,4.7,,gueyemo02
374,Elijah Harkless,25,UTA,SG,18,2,15.8,1.3,4.1,.311,0.6,2.3,.238,0.7,1.8,.406,.378,1.6,2.1,.784,0.3,1.2,1.4,2.0,0.9,0.1,0.8,1.9,4.7,,harklej01
375,Tolu Smith,25,DET,PF,7,0,12.6,1.4,3.0,.476,0.0,0.0,,1.4,3.0,.476,.476,1.9,2.6,.722,1.9,2.9,4.7,0.9,0.3,0.7,0.7,2.0,4.7,,smithto05
376,Leonard Miller,22,2TM,SF,31,4,10.1,1.9,3.4,.552,0.3,1.3,.231,1.6,2.1,.742,.595,0.5,0.7,.810,0.6,1.9,2.5,0.5,0.3,0.2,0.5,0.9,4.6,,millele01
376,Leonard Miller,22,MIN,SF,19,0,5.0,0.9,1.7,.545,0.1,0.6,.083,0.9,1.1,.810,.561,0.4,0.6,.636,0.4,0.9,1.3,0.3,0.2,0.0,0.5,0.6,2.3,,millele01
376,Leonard Miller,22,CHI,SF,12,4,18.2,3.3,6.0,.556,0.7,2.3,.296,2.7,3.8,.711,.611,0.8,0.8,1.000,1.0,3.4,4.4,1.0,0.5,0.5,0.6,1.4,8.2,,millele01
377,Rob Dillingham,21,2TM,PG,50,0,12.5,1.8,5.1,.353,0.4,1.4,.309,1.4,3.7,.369,.394,0.5,0.7,.750,0.3,1.5,1.8,2.2,0.7,0.1,1.3,1.5,4.6,,dilliro01
377,Rob Dillingham,21,MIN,PG,35,0,9.3,1.3,4.0,.333,0.3,0.9,.364,1.0,3.1,.324,.376,0.4,0.6,.750,0.1,1.0,1.2,1.7,0.5,0.1,1.0,1.0,3.5,,dilliro01
377,Rob Dillingham,21,CHI,PG,15,0,20.1,2.9,7.6,.377,0.6,2.3,.257,2.3,5.3,.430,.417,0.8,1.1,.750,0.7,2.5,3.2,3.4,1.0,0.0,1.8,2.5,7.1,,dilliro01
378,Gabe Vincent,29,2TM,PG,38,7,17.8,1.6,4.4,.353,1.2,3.5,.351,0.3,0.9,.364,.494,0.3,0.3,.917,0.3,0.7,1.0,1.4,0.5,0.1,0.4,1.7,4.6,,vincega01
378,Gabe Vincent,29,LAL,PG,29,7,19.3,1.6,4.5,.346,1.3,3.6,.369,0.2,0.9,.259,.492,0.3,0.4,.909,0.2,0.7,0.9,1.3,0.5,0.0,0.4,1.8,4.8,,vincega01
378,Gabe Vincent,29,ATL,PG,9,0,13.1,1.6,4.1,.378,1.0,3.4,.290,0.6,0.7,.833,.500,0.1,0.1,1.000,0.6,0.6,1.1,1.9,0.6,0.1,0.3,1.3,4.2,,vincega01
379,Lonzo Ball,28,CLE,PG,35,3,20.8,1.5,5.0,.301,1.1,4.2,.272,0.4,0.8,.448,.415,0.4,0.6,.667,0.7,3.3,4.0,3.9,1.3,0.3,1.5,1.3,4.6,,balllo01
380,Adem Bona,22,PHI,C,56,8,17.2,1.8,3.0,.599,0.0,0.1,.400,1.8,2.9,.605,.605,1.0,1.5,.675,1.8,2.5,4.3,0.4,0.4,1.2,0.8,2.3,4.6,,bonaad01
381,Malaki Branham,22,WAS,SG,28,0,9.8,1.5,3.3,.473,0.5,1.3,.378,1.0,1.9,.537,.549,1.0,1.2,.824,0.4,1.1,1.6,0.8,0.4,0.1,0.5,0.8,4.6,,branhma01
382,Jase Richardson,20,ORL,SG,44,0,11.5,1.7,3.7,.460,0.6,1.6,.352,1.1,2.1,.543,.537,0.6,0.8,.730,0.4,0.8,1.2,1.2,0.3,0.0,0.5,1.1,4.6,,richaja02
383,Jeremiah Robinson-Earl,25,2TM,PF,22,3,16.4,1.7,4.5,.370,0.5,1.9,.244,1.2,2.7,.458,.420,0.8,0.8,.944,1.6,3.0,4.7,0.7,0.4,0.0,0.5,1.2,4.6,,robinje02
383,Jeremiah Robinson-Earl,25,IND,PF,17,3,17.6,1.7,4.9,.349,0.5,1.9,.242,1.2,2.9,.420,.398,0.8,0.8,.929,1.9,3.3,5.2,0.7,0.4,0.1,0.6,1.4,4.6,,robinje02
383,Jeremiah Robinson-Earl,25,DAL,PF,5,0,12.2,1.6,3.4,.471,0.4,1.6,.250,1.2,1.8,.667,.529,0.8,0.8,1.000,0.8,2.2,3.0,0.6,0.4,0.0,0.4,0.6,4.4,,robinje02
384,Matisse Thybulle,28,POR,SG,15,0,12.0,1.5,3.5,.423,1.0,2.3,.441,0.5,1.2,.389,.567,0.7,0.7,1.000,0.5,1.1,1.5,0.8,2.0,0.5,0.7,1.5,4.6,,thybuma01
385,Kobe Brown,26,2TM,PF,48,3,13.1,1.6,3.7,.421,0.6,1.8,.318,1.0,1.9,.522,.500,0.8,1.0,.809,1.0,1.6,2.6,0.9,0.3,0.2,0.7,1.0,4.5,,brownko01
385,Kobe Brown,26,LAC,PF,34,0,8.7,1.0,2.5,.393,0.4,1.4,.265,0.6,1.0,.571,.470,0.6,0.8,.808,0.5,1.0,1.6,0.8,0.3,0.1,0.4,0.5,2.9,,brownko01
385,Kobe Brown,26,IND,PF,14,3,24.0,3.0,6.7,.447,1.1,2.8,.385,1.9,3.9,.491,.527,1.2,1.5,.810,2.1,3.1,5.1,1.1,0.4,0.4,1.4,2.4,8.3,,brownko01
386,PJ Hall,23,2TM,C,19,2,11.3,1.6,3.1,.508,0.2,0.3,.600,1.4,2.8,.500,.534,1.2,1.5,.793,1.7,2.2,3.9,0.5,0.2,0.5,0.8,1.2,4.5,,hallpj01
386,PJ Hall,23,MEM,C,7,0,3.9,0.7,1.3,.556,0.1,0.4,.333,0.6,0.9,.667,.611,0.3,0.4,.667,0.4,0.9,1.3,0.3,0.0,0.3,0.1,0.4,1.9,,hallpj01
386,PJ Hall,23,CHO,C,12,2,15.6,2.1,4.2,.500,0.2,0.2,1.000,1.9,4.0,.479,.520,1.8,2.2,.808,2.5,3.0,5.5,0.7,0.3,0.7,1.3,1.6,6.1,,hallpj01
387,Pete Nance,25,MIL,PF,32,0,11.3,1.8,3.3,.558,0.9,2.0,.460,0.9,1.3,.707,.697,0.0,0.0,,0.4,1.6,2.0,0.6,0.3,0.2,0.5,0.9,4.5,,nancepe01
388,Noah Penda,21,ORL,SF,46,2,13.7,1.6,3.8,.423,0.6,1.6,.347,1.0,2.2,.480,.497,0.7,1.0,.674,1.4,2.3,3.7,1.2,0.5,0.4,0.8,1.3,4.5,,pendano01
389,Jarred Vanderbilt,26,LAL,PF,55,3,17.8,1.7,3.7,.461,0.5,1.6,.302,1.3,2.2,.575,.524,0.5,0.9,.638,1.3,3.2,4.6,1.2,0.8,0.3,0.9,1.7,4.5,,vandeja01
390,Jabari Walker,23,PHI,PF,56,6,12.5,1.6,3.5,.449,0.5,1.6,.337,1.0,1.9,.542,.526,0.8,1.1,.754,1.1,2.0,3.1,0.5,0.4,0.2,0.4,1.6,4.5,,walkeja01
391,DaRon Holmes,23,DEN,PF,19,6,10.2,1.5,2.9,.500,0.9,2.2,.439,0.5,0.8,.667,.661,0.5,0.6,.818,0.3,1.2,1.5,0.8,0.0,0.2,0.4,0.9,4.4,,holmeda01
392,Kam Jones,23,IND,SG,27,7,16.1,1.8,4.3,.422,0.6,1.9,.308,1.2,2.4,.516,.491,0.1,0.3,.500,0.3,1.1,1.4,2.7,0.5,0.0,0.9,1.0,4.4,,joneska03
393,Tyler Kolek,24,NYK,PG,55,1,12.0,1.8,4.2,.424,0.7,1.9,.356,1.1,2.3,.480,.504,0.2,0.3,.667,0.3,1.4,1.7,2.8,0.3,0.1,1.0,1.1,4.4,,kolekty01
394,Craig Porter Jr.,25,CLE,PG,58,2,17.7,1.8,4.0,.444,0.5,1.4,.361,1.3,2.6,.490,.509,0.3,0.6,.556,1.3,2.0,3.3,3.2,0.9,0.6,0.9,1.1,4.4,,portecr01
395,RayJ Dennis,24,3TM,PG,15,0,11.8,1.5,4.9,.301,0.8,2.6,.308,0.7,2.3,.294,.384,0.5,0.6,.889,0.5,1.0,1.5,2.0,0.3,0.3,1.0,1.1,4.3,,dennira01
395,RayJ Dennis,24,IND,PG,13,0,12.9,1.7,5.5,.306,0.9,2.9,.316,0.8,2.6,.294,.389,0.6,0.7,.889,0.6,1.0,1.6,2.0,0.2,0.3,1.1,1.2,4.9,,dennira01
395,RayJ Dennis,24,LAC,PG,1,0,4.0,0.0,0.0,,0.0,0.0,,0.0,0.0,,,0.0,0.0,,0.0,2.0,2.0,0.0,0.0,0.0,1.0,0.0,0.0,,dennira01
395,RayJ Dennis,24,ATL,PG,1,0,5.0,0.0,1.0,.000,0.0,1.0,.000,0.0,0.0,,.000,0.0,0.0,,0.0,0.0,0.0,4.0,1.0,0.0,0.0,1.0,0.0,,dennira01
396,Yanic Konan Niederhäuser,22,LAC,C,41,0,10.3,1.6,2.4,.640,0.0,0.1,.200,1.5,2.3,.663,.645,1.1,1.5,.758,0.9,2.0,2.9,0.3,0.1,0.7,0.6,1.6,4.3,,konanya01
397,Skal Labissière,29,WAS,PF,3,0,12.7,2.0,3.3,.600,0.3,1.7,.200,1.7,1.7,1.000,.650,0.0,0.0,,1.0,2.0,3.0,1.0,0.7,0.3,0.3,1.0,4.3,,labissk01
398,Dereck Lively II,21,DAL,C,7,4,16.4,1.6,2.6,.611,0.0,0.0,,1.6,2.6,.611,.611,1.1,1.4,.800,2.0,3.3,5.3,1.9,0.6,1.6,1.4,3.0,4.3,,livelde01
399,Grant Nelson,23,BRK,PF,4,0,8.8,1.3,2.3,.556,0.0,0.0,,1.3,2.3,.556,.556,1.8,2.5,.700,0.3,1.3,1.5,1.3,0.3,1.3,1.0,1.5,4.3,,nelsogr02
400,Terrence Shannon Jr.,25,MIN,SG,29,0,11.8,1.4,3.4,.404,0.6,1.6,.378,0.8,1.9,.426,.490,0.9,1.1,.818,0.2,0.8,1.0,0.7,0.3,0.0,0.6,1.2,4.3,,shannte01
401,Oscar Tshiebwe,26,UTA,C,12,1,12.8,2.1,3.3,.625,0.0,0.0,,2.1,3.3,.625,.625,0.2,0.3,.500,1.8,2.4,4.2,0.8,0.3,0.1,0.3,1.4,4.3,,tshieos01
402,Rayan Rupert,21,2TM,SG,57,2,14.7,1.6,4.0,.395,0.6,1.9,.340,0.9,2.1,.443,.474,0.4,0.6,.735,0.6,1.8,2.4,0.8,0.7,0.1,0.6,1.7,4.2,,ruperra01
402,Rayan Rupert,21,POR,SG,48,0,12.0,1.1,3.1,.361,0.5,1.5,.310,0.6,1.6,.408,.435,0.2,0.3,.643,0.5,1.3,1.8,0.7,0.6,0.0,0.6,1.3,2.9,,ruperra01
402,Rayan Rupert,21,MEM,SG,9,2,29.1,4.1,9.0,.457,1.6,3.9,.400,2.6,5.1,.500,.543,1.8,2.2,.800,1.3,4.3,5.7,1.0,1.4,0.4,0.9,4.1,11.6,,ruperra01
403,Mike Conley,38,MIN,PG,46,9,18.1,1.2,3.8,.316,0.9,2.9,.313,0.3,0.9,.326,.435,0.9,1.0,.891,0.3,1.4,1.7,2.8,0.6,0.3,0.6,1.4,4.2,,conlemi01
404,Hugo González,19,BOS,SF,61,3,15.6,1.7,3.6,.475,0.6,1.7,.340,1.1,1.9,.593,.554,0.2,0.4,.500,0.9,2.6,3.6,0.6,0.6,0.3,0.6,1.7,4.2,,gonzahu01
405,Dalton Knecht,24,LAL,SF,48,1,10.6,1.6,3.6,.448,0.6,2.1,.307,1.0,1.5,.644,.537,0.3,0.4,.700,0.3,1.1,1.4,0.3,0.2,0.2,0.4,0.8,4.2,,knechda01
406,Nicolas Batum,37,LAC,PF,63,5,18.4,1.3,3.3,.400,1.3,3.2,.398,0.1,0.1,.444,.590,0.1,0.2,.818,0.3,2.2,2.5,0.9,0.7,0.3,0.6,1.4,4.1,,batumni01
407,Ron Harper Jr.,25,BOS,SF,20,2,11.9,1.5,3.8,.400,1.1,3.1,.344,0.5,0.7,.643,.540,0.1,0.1,.500,0.7,1.1,1.8,0.8,0.2,0.4,0.2,0.9,4.1,,harpero02
408,DeAndre Jordan,37,NOP,C,10,6,16.3,1.6,2.3,.696,0.0,0.0,,1.6,2.3,.696,.696,0.9,1.5,.600,2.1,4.3,6.4,0.8,0.3,0.8,0.9,1.4,4.1,,jordade01
409,Liam McNeeley,20,CHO,SF,28,0,12.2,1.2,3.1,.386,0.8,2.1,.379,0.4,1.1,.400,.511,0.9,1.1,.806,0.4,1.8,2.1,0.8,0.2,0.1,0.4,1.3,4.1,,mcneeli01
410,Jericho Sims,27,MIL,C,50,9,17.7,1.9,2.2,.845,0.0,0.0,,1.9,2.2,.845,.845,0.4,0.6,.600,1.7,3.3,5.0,1.1,0.2,0.3,1.0,1.9,4.1,,simsje01
411,Tony Bradley,28,IND,C,38,3,10.9,1.6,2.8,.557,0.0,0.1,.500,1.5,2.7,.558,.561,0.8,1.1,.744,1.5,1.3,2.8,0.5,0.2,0.2,0.4,1.6,4.0,,bradlto01
412,Brandon Clarke,29,MEM,PF,2,2,10.0,1.5,4.5,.333,0.0,0.0,,1.5,4.5,.333,.333,1.0,2.0,.500,2.0,1.0,3.0,0.5,1.0,0.0,0.0,2.5,4.0,,clarkbr01
413,Anthony Gill,33,WAS,PF,38,1,12.9,1.7,2.9,.591,0.2,0.7,.308,1.5,2.2,.679,.627,0.4,0.6,.714,0.9,1.5,2.4,0.9,0.4,0.3,0.6,1.2,4.0,,gillan01
414,Killian Hayes,24,SAC,PG,9,1,16.2,1.4,5.6,.260,0.6,2.6,.217,0.9,3.0,.296,.310,0.6,0.7,.833,0.2,1.7,1.9,3.4,0.6,0.0,0.4,1.8,4.0,,hayeski01
415,Chaney Johnson,23,BRK,SF,3,0,15.7,1.7,2.7,.625,0.7,1.0,.667,1.0,1.7,.600,.750,0.0,0.0,,0.3,1.3,1.7,1.3,0.7,0.3,1.0,2.7,4.0,,johnsch06
416,Bez Mbeng,22,UTA,,1,0,34.0,2.0,8.0,.250,0.0,3.0,.000,2.0,5.0,.400,.250,0.0,0.0,,3.0,1.0,4.0,4.0,2.0,2.0,3.0,1.0,4.0,,mbengbe01
417,Micah Peavy,24,NOP,SG,51,1,13.8,1.7,4.4,.378,0.4,1.8,.233,1.3,2.6,.474,.424,0.3,0.3,.765,0.7,1.1,1.8,0.9,0.6,0.1,0.3,1.4,4.0,,peavymi01
418,Myron Gardner,24,MIA,SF,35,7,9.8,1.4,2.9,.485,0.6,1.5,.423,0.8,1.4,.551,.594,0.5,0.7,.739,1.0,2.1,3.1,1.0,0.5,0.1,0.3,1.7,3.9,,gardnmy01
419,Caleb Martin,30,DAL,SF,57,12,14.9,1.5,3.3,.449,0.3,1.0,.339,1.1,2.3,.496,.500,0.6,1.0,.593,0.5,2.0,2.5,1.4,0.7,0.3,0.7,1.5,3.9,,martica02
420,Doug McDermott,34,SAC,SF,15,0,10.2,1.3,3.3,.380,1.2,3.2,.375,0.1,0.1,.500,.560,0.1,0.1,1.000,0.1,0.7,0.7,0.3,0.2,0.1,0.4,0.6,3.9,,mcderdo01
421,Clint Capela,31,HOU,C,60,1,12.5,1.6,3.1,.508,0.0,0.0,,1.6,3.1,.508,.508,0.6,1.0,.621,2.2,2.4,4.6,0.6,0.5,0.9,0.5,0.9,3.8,,capelca01
422,Jaylen Clark,24,MIN,SG,58,0,12.7,1.4,3.2,.437,0.4,1.3,.312,1.0,1.8,.528,.503,0.7,1.0,.633,0.8,0.9,1.7,0.6,0.7,0.1,0.3,1.3,3.8,,clarkja02
423,Jordan Hawkins,23,NOP,SG,42,0,12.3,1.4,4.3,.317,0.7,2.4,.294,0.6,1.9,.346,.400,0.3,0.4,.778,0.3,1.2,1.5,0.6,0.2,0.2,0.5,0.5,3.8,,hawkijo01
424,Zeke Nnaji,25,DEN,PF,46,3,12.3,1.4,3.0,.474,0.3,1.0,.271,1.1,1.9,.584,.522,0.7,1.0,.773,0.7,2.0,2.7,0.5,0.3,0.5,0.5,1.3,3.8,,nnajize01
425,Trayce Jackson-Davis,25,2TM,C,44,1,10.2,1.5,2.6,.566,0.0,0.0,1.000,1.4,2.5,.563,.571,0.8,1.5,.547,1.4,1.7,3.1,0.8,0.3,0.5,0.4,0.9,3.7,,jackstr02
425,Trayce Jackson-Davis,25,GSW,C,36,1,11.4,1.7,2.8,.588,0.0,0.0,1.000,1.6,2.8,.584,.593,0.8,1.4,.558,1.3,1.8,3.1,0.9,0.4,0.5,0.5,1.1,4.2,,jackstr02
425,Trayce Jackson-Davis,25,TOR,C,8,0,4.8,0.5,1.4,.364,0.0,0.0,,0.5,1.4,.364,.364,0.8,1.5,.500,1.9,1.0,2.9,0.5,0.3,0.3,0.1,0.0,1.8,,jackstr02
426,Carter Bryant,20,SAS,PF,55,0,10.1,1.3,3.5,.383,0.7,2.1,.339,0.6,1.4,.449,.484,0.3,0.5,.680,0.5,1.8,2.2,0.4,0.2,0.3,0.4,1.0,3.7,,bryanca01
427,Moussa Cisse,23,DAL,C,34,1,12.5,1.4,2.4,.590,0.0,0.0,,1.4,2.4,.590,.590,0.9,1.9,.439,2.0,2.9,4.9,0.2,0.4,1.1,0.7,1.8,3.7,,cissemo01
428,Dalen Terry,23,2TM,SG,41,0,11.5,1.4,3.1,.434,0.6,1.4,.397,0.8,1.7,.465,.523,0.3,0.6,.560,0.5,1.4,1.9,1.4,0.6,0.3,0.6,1.0,3.6,,terryda01
428,Dalen Terry,23,CHI,SG,34,0,11.1,1.3,3.0,.441,0.6,1.4,.413,0.8,1.6,.464,.534,0.3,0.5,.529,0.6,1.3,1.9,1.3,0.6,0.3,0.6,1.0,3.5,,terryda01
428,Dalen Terry,23,PHI,SG,7,0,13.6,1.6,3.9,.407,0.6,1.7,.333,1.0,2.1,.467,.481,0.7,1.1,.625,0.3,1.6,1.9,2.0,0.6,0.4,0.4,1.0,4.4,,terryda01
429,Taelon Peter,23,IND,SG,29,0,11.1,1.2,3.5,.343,1.0,3.1,.308,0.2,0.4,.636,.480,0.2,0.3,.500,0.2,1.1,1.3,1.1,0.6,0.1,0.6,0.7,3.6,,peterta01
430,Keaton Wallace,26,ATL,PG,45,2,10.5,1.3,3.2,.407,0.8,1.9,.395,0.6,1.3,.424,.524,0.2,0.3,.643,0.1,1.0,1.1,1.8,0.5,0.1,0.5,0.9,3.6,,wallake01
431,Tyler Burton,25,MEM,SF,2,0,28.0,1.0,9.0,.111,1.0,6.0,.167,0.0,3.0,.000,.167,0.5,1.0,.500,1.0,2.0,3.0,0.5,0.5,0.5,1.5,2.5,3.5,,burtoty01
432,Mohamed Diawara,20,NYK,SF,57,6,8.6,1.3,3.0,.433,0.7,1.8,.390,0.6,1.2,.500,.553,0.2,0.2,.750,0.2,1.1,1.4,0.6,0.2,0.1,0.4,0.8,3.5,,diawamo01
433,Rasheer Fleming,21,PHO,PF,41,0,10.0,1.3,3.2,.405,0.7,1.9,.359,0.6,1.3,.472,.511,0.2,0.4,.588,1.0,1.0,2.0,0.2,0.3,0.3,0.3,0.9,3.5,,flemira01
434,Haywood Highsmith,29,PHO,SF,4,0,13.3,1.3,2.5,.500,0.8,1.5,.500,0.5,1.0,.500,.650,0.3,0.5,.500,0.5,1.3,1.8,1.3,0.8,0.0,0.0,1.3,3.5,,highsha01
435,A.J. Lawson,25,TOR,SG,14,0,7.9,1.1,2.9,.390,0.6,1.6,.364,0.6,1.4,.421,.488,0.6,0.6,1.000,0.5,1.1,1.6,0.2,0.3,0.2,0.3,1.1,3.5,,lawsoaj01
436,Keshad Johnson,24,MIA,SF,24,0,7.6,1.2,2.9,.420,0.4,1.2,.310,0.8,1.7,.500,.486,0.6,0.9,.667,0.7,1.1,1.8,0.1,0.3,0.3,0.4,0.8,3.4,,johnske10
437,Drew Timme,25,LAL,PF,21,0,8.5,1.4,2.4,.588,0.4,0.9,.421,1.0,1.5,.688,.667,0.2,0.3,.571,0.4,0.9,1.3,0.8,0.2,0.0,0.3,0.6,3.4,,timmedr01
438,Jeremy Sochan,22,2TM,PF,38,0,10.8,1.4,2.9,.477,0.2,1.0,.237,1.2,1.9,.603,.518,0.3,0.5,.667,0.7,1.5,2.2,0.9,0.4,0.2,0.5,1.4,3.3,,sochaje01
438,Jeremy Sochan,22,SAS,PF,28,0,12.8,1.7,3.5,.475,0.3,1.3,.257,1.4,2.3,.594,.520,0.4,0.6,.688,0.9,1.7,2.6,1.0,0.4,0.2,0.6,1.8,4.1,,sochaje01
438,Jeremy Sochan,22,NYK,PF,10,0,5.3,0.6,1.2,.500,0.0,0.3,.000,0.6,0.9,.667,.500,0.1,0.2,.500,0.2,1.0,1.2,0.5,0.5,0.1,0.2,0.4,1.3,,sochaje01
439,Larry Nance Jr.,33,CLE,PF,29,2,12.2,1.3,3.3,.381,0.6,1.8,.346,0.7,1.6,.422,.474,0.1,0.2,.600,0.9,1.7,2.6,0.9,0.5,0.1,0.4,1.7,3.3,,nancela02
440,Kelly Olynyk,34,SAS,C,36,0,8.9,1.2,2.4,.494,0.3,1.2,.262,0.9,1.3,.711,.557,0.6,0.8,.667,0.6,1.2,1.8,1.1,0.4,0.1,0.6,1.1,3.3,,olynyke01
441,Dwight Powell,34,DAL,C,50,8,13.9,1.1,1.6,.663,0.0,0.1,.333,1.0,1.5,.675,.669,1.2,1.7,.682,1.5,2.4,3.8,0.9,0.5,0.3,0.6,2.0,3.3,,poweldw01
442,Isaiah Stevens,25,SAC,PG,3,0,14.3,1.0,2.3,.429,0.0,0.3,.000,1.0,2.0,.500,.429,1.3,1.3,1.000,0.7,0.3,1.0,3.3,1.7,0.0,0.7,0.7,3.3,,steveis01
443,James Wiseman,24,IND,C,4,1,14.5,1.5,2.5,.600,0.0,0.0,,1.5,2.5,.600,.600,0.3,0.5,.500,1.3,0.8,2.0,0.8,0.0,0.3,1.3,2.5,3.3,,wisemja01
444,Koby Brea,23,PHO,SG,5,0,4.6,1.0,1.8,.556,0.8,1.4,.571,0.2,0.4,.500,.778,0.4,0.4,1.000,0.0,0.4,0.4,0.6,0.0,0.0,0.0,0.0,3.2,,breako01
445,Dorian Finney-Smith,32,HOU,PF,30,1,17.6,1.1,3.6,.318,0.7,2.7,.268,0.4,0.8,.480,.421,0.2,0.2,1.000,0.9,1.8,2.7,0.9,0.5,0.2,0.6,1.9,3.2,,finnedo01
446,Nikola Topić,20,OKC,PG,5,0,10.6,1.4,3.2,.438,0.4,1.0,.400,1.0,2.2,.455,.500,0.0,0.0,,0.4,1.2,1.6,2.0,0.0,0.0,2.2,0.8,3.2,,topicni01
447,John Konchar,29,2TM,SG,43,5,17.4,1.2,2.7,.444,0.4,1.6,.250,0.8,1.1,.714,.517,0.3,0.5,.600,0.9,2.5,3.4,1.5,1.4,0.6,0.5,1.3,3.1,,konchjo01
447,John Konchar,29,MEM,SG,30,1,14.5,1.2,2.4,.521,0.4,1.3,.333,0.8,1.1,.750,.613,0.3,0.4,.615,0.7,2.4,3.1,1.3,1.0,0.4,0.5,1.0,3.2,,konchjo01
447,John Konchar,29,UTA,SG,13,4,24.0,1.2,3.5,.326,0.3,2.2,.138,0.8,1.3,.647,.370,0.3,0.5,.571,1.5,2.7,4.2,2.0,2.2,0.8,0.7,1.8,2.9,,konchjo01
448,Cam Christie,20,LAC,SG,44,0,9.3,1.0,2.7,.381,0.3,1.0,.261,0.8,1.6,.458,.432,0.8,1.0,.750,0.3,1.2,1.5,0.6,0.3,0.1,0.4,0.4,3.1,,chrisca02
449,Miles Kelly,23,DAL,PG,14,0,9.6,1.1,3.1,.364,0.7,2.4,.303,0.4,0.8,.545,.477,0.1,0.1,1.000,0.4,1.4,1.7,0.9,0.3,0.1,0.4,0.9,3.1,,kellymi02
450,Mark Sears,23,MIL,PG,7,0,3.7,0.9,1.9,.462,0.6,1.1,.500,0.3,0.7,.400,.615,0.9,1.1,.750,0.1,0.1,0.3,0.3,0.0,0.0,0.6,0.6,3.1,,searsma01
451,Amir Coffey,28,2TM,SG,41,2,10.4,1.1,2.3,.484,0.3,1.0,.317,0.8,1.3,.615,.554,0.5,0.7,.786,0.4,0.8,1.2,0.5,0.2,0.1,0.1,0.7,3.0,,coffeam01
451,Amir Coffey,28,MIL,SG,30,2,8.8,0.9,1.8,.473,0.2,0.8,.280,0.6,1.0,.633,.536,0.4,0.5,.867,0.2,0.7,0.9,0.4,0.1,0.1,0.1,0.5,2.4,,coffeam01
451,Amir Coffey,28,PHO,SG,11,0,14.7,1.7,3.5,.500,0.5,1.5,.375,1.2,2.0,.591,.579,0.8,1.2,.692,1.0,1.3,2.3,1.0,0.5,0.1,0.1,1.3,4.8,,coffeam01
452,Tyus Jones,29,3TM,PG,60,10,15.3,1.2,3.3,.345,0.6,2.1,.278,0.6,1.2,.459,.433,0.1,0.2,.778,0.2,0.9,1.1,2.5,0.6,0.1,0.4,0.5,3.0,,jonesty01
452,Tyus Jones,29,ORL,PG,48,8,15.7,1.1,3.3,.342,0.6,2.1,.294,0.5,1.2,.429,.437,0.1,0.1,1.000,0.2,0.9,1.1,2.4,0.7,0.1,0.3,0.5,3.0,,jonesty01
452,Tyus Jones,29,DAL,PG,8,2,16.6,1.6,4.3,.382,0.5,2.4,.211,1.1,1.9,.600,.441,0.1,0.3,.500,0.1,1.0,1.1,3.8,0.4,0.0,0.6,0.6,3.9,,jonesty01
452,Tyus Jones,29,DEN,PG,4,0,7.0,0.5,2.0,.250,0.3,1.3,.200,0.3,0.8,.333,.313,0.0,0.3,.000,0.0,0.5,0.5,0.8,0.0,0.0,0.8,0.0,1.3,,jonesty01
453,Charles Bassey,25,2TM,C,3,0,12.0,1.3,3.0,.444,0.0,0.0,,1.3,3.0,.444,.444,0.3,1.0,.333,2.3,2.7,5.0,0.7,0.3,0.7,0.3,1.7,3.0,,bassech01
453,Charles Bassey,25,MEM,C,2,0,15.5,1.5,4.0,.375,0.0,0.0,,1.5,4.0,.375,.375,0.5,1.5,.333,3.5,4.0,7.5,1.0,0.5,0.5,0.5,2.5,3.5,,bassech01
453,Charles Bassey,25,PHI,C,1,0,5.0,1.0,1.0,1.000,0.0,0.0,,1.0,1.0,1.000,1.000,0.0,0.0,,0.0,0.0,0.0,0.0,0.0,1.0,0.0,0.0,2.0,,bassech01
454,Kobe Bufkin,22,LAL,SG,11,1,8.2,1.0,3.5,.289,0.3,1.8,.150,0.7,1.6,.444,.329,0.7,0.7,1.000,0.1,0.7,0.8,0.5,0.2,0.3,0.4,0.5,3.0,,bufkiko01
455,Pat Connaughton,33,CHO,SG,32,0,7.8,1.1,2.3,.453,0.6,1.4,.391,0.5,0.9,.552,.573,0.3,0.5,.688,0.4,1.2,1.6,0.5,0.3,0.0,0.3,0.3,3.0,,connapa01
456,Taj Gibson,40,MEM,C,1,0,12.0,1.0,5.0,.200,1.0,2.0,.500,0.0,3.0,.000,.300,0.0,0.0,,2.0,1.0,3.0,0.0,0.0,0.0,0.0,2.0,3.0,,gibsota01
457,Chris Livingston,22,CLE,SF,3,0,5.7,1.3,2.3,.571,0.0,1.0,.000,1.3,1.3,1.000,.571,0.3,0.3,1.000,0.0,1.0,1.0,0.3,0.3,0.0,0.0,1.3,3.0,,livinch01
458,Emanuel Miller,25,CHI,PF,5,0,6.6,1.2,2.6,.462,0.4,1.2,.333,0.8,1.4,.571,.538,0.2,0.4,.500,0.2,0.4,0.6,0.8,0.4,0.0,0.0,0.4,3.0,,milleem01
459,Monte Morris,30,IND,PG,6,0,10.8,1.2,3.3,.350,0.3,1.3,.250,0.8,2.0,.417,.400,0.3,0.7,.500,0.2,1.0,1.2,1.5,0.2,0.2,0.3,0.5,3.0,,morrimo01
460,Antonio Reeves,25,CHO,SG,9,0,7.3,1.1,2.2,.500,0.8,1.4,.538,0.3,0.8,.429,.675,0.0,0.0,,0.2,0.7,0.9,0.2,0.1,0.0,0.1,0.3,3.0,,reevean01
461,Jamison Battle,24,TOR,SF,49,2,8.5,1.1,2.2,.505,0.6,1.3,.415,0.6,0.9,.636,.628,0.1,0.2,.667,0.3,1.1,1.5,0.4,0.1,0.0,0.3,0.7,2.9,,battlja01
462,Joan Beringer,19,MIN,PF,31,1,6.7,1.3,1.9,.667,0.0,0.0,,1.3,1.9,.667,.667,0.4,0.5,.647,0.9,0.9,1.8,0.3,0.1,0.4,0.3,1.1,2.9,,berinjo01
463,David Jones García,24,SAS,SF,11,0,6.2,1.2,2.3,.520,0.3,0.5,.600,0.9,1.8,.500,.580,0.3,0.5,.500,0.4,0.8,1.2,1.6,0.5,0.1,0.5,0.5,2.9,,jonesda06
464,Kevon Looney,29,NOP,C,18,6,13.9,1.3,2.9,.442,0.1,0.5,.111,1.2,2.4,.512,.452,0.3,0.4,.625,2.3,3.0,5.3,1.4,0.3,0.5,0.4,1.8,2.9,,looneke01
465,Chris Paul,40,LAC,PG,16,0,14.3,1.1,3.5,.321,0.6,1.9,.333,0.5,1.6,.308,.411,0.1,0.1,.500,0.4,1.4,1.8,3.3,0.7,0.0,1.0,1.4,2.9,,paulch01
466,Duop Reath,29,POR,C,32,0,8.1,1.0,2.3,.446,0.7,1.7,.418,0.3,0.6,.526,.601,0.2,0.2,.833,0.3,0.9,1.2,0.3,0.2,0.3,0.2,0.9,2.9,,reathdu01
467,Trey Alexander,22,NOP,SG,5,0,8.4,1.2,1.8,.667,0.4,0.6,.667,0.8,1.2,.667,.778,0.0,0.0,,0.0,0.8,0.8,1.0,0.2,0.2,0.2,0.8,2.8,,alexatr01
468,AJ Johnson,21,2TM,SG,38,0,8.7,1.0,3.2,.322,0.2,1.1,.214,0.8,2.1,.380,.360,0.5,0.6,.818,0.2,0.9,1.2,0.9,0.2,0.0,0.6,0.5,2.8,,johnsaj01
468,AJ Johnson,21,WAS,SG,25,0,8.6,1.1,3.3,.325,0.3,1.0,.280,0.8,2.3,.345,.367,0.4,0.5,.750,0.3,0.9,1.2,0.9,0.3,0.0,0.7,0.6,2.8,,johnsaj01
468,AJ Johnson,21,DAL,SG,13,0,9.0,0.9,2.9,.316,0.2,1.3,.118,0.8,1.6,.476,.342,0.7,0.8,.900,0.1,0.9,1.0,0.8,0.1,0.0,0.4,0.3,2.7,,johnsaj01
469,Julian Phillips,22,2TM,SF,42,2,8.7,1.0,2.3,.429,0.4,1.3,.321,0.6,1.1,.556,.515,0.4,0.4,.882,0.5,0.6,1.1,0.2,0.5,0.2,0.2,0.8,2.8,,phillju01
469,Julian Phillips,22,CHI,SF,35,2,9.5,1.1,2.5,.420,0.5,1.4,.327,0.6,1.1,.538,.511,0.3,0.3,.818,0.6,0.6,1.3,0.2,0.5,0.2,0.2,0.9,2.8,,phillju01
469,Julian Phillips,22,MIN,SF,7,0,4.3,0.7,1.4,.500,0.1,0.6,.250,0.6,0.9,.667,.550,0.9,0.9,1.000,0.0,0.3,0.3,0.1,0.6,0.1,0.1,0.1,2.4,,phillju01
470,Patrick Baldwin Jr.,23,3TM,SF,7,0,8.3,0.9,2.3,.375,0.4,1.3,.333,0.4,1.0,.429,.469,0.6,0.9,.667,0.9,1.0,1.9,0.3,0.3,0.4,0.4,1.3,2.7,,baldwpa01
470,Patrick Baldwin Jr.,23,LAC,SF,2,0,6.0,1.5,2.0,.750,1.0,1.5,.667,0.5,0.5,1.000,1.000,1.0,1.0,1.000,0.0,0.5,0.5,0.0,0.0,0.0,0.5,1.0,5.0,,baldwpa01
470,Patrick Baldwin Jr.,23,PHI,SF,1,0,2.0,0.0,0.0,,0.0,0.0,,0.0,0.0,,,0.0,0.0,,0.0,1.0,1.0,0.0,0.0,0.0,0.0,0.0,0.0,,baldwpa01
470,Patrick Baldwin Jr.,23,SAC,SF,4,0,11.0,0.8,3.0,.250,0.3,1.5,.167,0.5,1.5,.333,.292,0.5,1.0,.500,1.5,1.3,2.8,0.5,0.5,0.8,0.5,1.8,2.3,,baldwpa01
471,Christian Koloko,25,3TM,C,22,4,14.1,1.2,2.8,.426,0.0,0.2,.200,1.1,2.5,.446,.434,0.3,0.5,.700,1.3,2.0,3.2,0.6,0.6,1.0,0.5,1.9,2.7,,kolokch01
471,Christian Koloko,25,LAL,C,2,0,3.0,0.0,0.0,,0.0,0.0,,0.0,0.0,,,0.0,0.0,,0.0,0.5,0.5,0.0,0.0,0.0,0.0,0.5,0.0,,kolokch01
471,Christian Koloko,25,MEM,C,11,2,17.7,1.3,3.2,.400,0.0,0.1,.000,1.3,3.1,.412,.400,0.1,0.4,.250,1.7,2.3,4.0,0.9,0.9,1.2,0.6,1.8,2.6,,kolokch01
471,Christian Koloko,25,ATL,C,9,2,12.2,1.3,2.9,.462,0.1,0.4,.250,1.2,2.4,.500,.481,0.7,0.7,1.000,1.0,1.9,2.9,0.4,0.3,0.9,0.6,2.3,3.4,,kolokch01
472,Jamal Cain,26,ORL,SF,23,0,6.7,0.8,2.1,.388,0.4,1.0,.391,0.4,1.1,.385,.480,0.7,0.8,.833,0.3,0.4,0.7,0.3,0.2,0.0,0.3,1.0,2.7,,cainja01
473,Chaz Lanier,24,DET,SG,24,0,8.0,0.9,2.7,.338,0.7,2.1,.320,0.3,0.6,.400,.462,0.2,0.2,1.000,0.3,0.5,0.8,0.6,0.2,0.0,0.1,0.5,2.7,,laniech01
474,Norchad Omier,24,LAC,PF,3,0,4.7,1.3,1.7,.800,0.0,0.3,.000,1.3,1.3,1.000,.800,0.0,0.0,,0.7,0.7,1.3,0.3,0.3,0.0,0.0,0.7,2.7,,omierno01
475,Jae'Sean Tate,30,HOU,SF,34,0,8.4,1.2,2.3,.513,0.2,0.7,.333,0.9,1.6,.593,.564,0.1,0.2,.571,0.6,0.7,1.4,0.5,0.3,0.1,0.3,1.1,2.7,,tateja01
476,Riley Minix,25,2TM,SF,5,0,3.8,1.2,1.8,.667,0.2,0.8,.250,1.0,1.0,1.000,.722,0.0,0.0,,0.4,0.6,1.0,0.6,0.2,0.0,0.2,0.4,2.6,,minixri01
476,Riley Minix,25,SAS,SF,3,0,2.7,1.3,2.0,.667,0.3,1.0,.333,1.0,1.0,1.000,.750,0.0,0.0,,0.3,0.3,0.7,0.3,0.3,0.0,0.0,0.3,3.0,,minixri01
476,Riley Minix,25,CLE,SF,2,0,5.5,1.0,1.5,.667,0.0,0.5,.000,1.0,1.0,1.000,.667,0.0,0.0,,0.5,1.0,1.5,1.0,0.0,0.0,0.5,0.5,2.0,,minixri01
477,Jonathan Isaac,28,ORL,PF,52,0,10.0,0.9,2.1,.422,0.1,0.7,.184,0.8,1.4,.549,.454,0.7,1.1,.603,0.8,1.7,2.5,0.4,0.4,0.6,0.3,0.8,2.6,,isaacjo01
478,Yuki Kawamura,24,CHI,PG,9,0,11.3,0.7,2.2,.300,0.6,1.8,.313,0.1,0.4,.250,.425,0.7,0.7,1.000,0.6,1.6,2.1,3.1,0.7,0.0,0.7,0.7,2.6,,kawamyu01
479,Mo Bamba,27,2TM,C,4,0,11.0,1.3,2.8,.455,0.0,0.0,,1.3,2.8,.455,.455,0.0,0.0,,2.5,3.0,5.5,0.3,0.0,0.8,0.5,1.5,2.5,,bambamo01
479,Mo Bamba,27,TOR,C,2,0,3.0,0.0,1.0,.000,0.0,0.0,,0.0,1.0,.000,.000,0.0,0.0,,0.5,0.5,1.0,0.0,0.0,0.5,0.0,1.0,0.0,,bambamo01
479,Mo Bamba,27,UTA,C,2,0,19.0,2.5,4.5,.556,0.0,0.0,,2.5,4.5,.556,.556,0.0,0.0,,4.5,5.5,10.0,0.5,0.0,1.0,1.0,2.0,5.0,,bambamo01
480,Tyson Etienne,26,BRK,PG,11,0,6.4,0.8,2.5,.333,0.8,2.2,.375,0.0,0.3,.000,.500,0.1,0.2,.500,0.1,0.2,0.3,0.6,0.0,0.0,0.4,1.4,2.5,,etienty01
481,Gary Harris,31,MIL,SG,42,2,13.9,0.9,2.0,.446,0.5,1.3,.407,0.4,0.7,.517,.578,0.2,0.2,.889,0.3,1.0,1.3,1.0,0.5,0.2,0.4,1.0,2.5,,harriga01
482,Alijah Martin,24,TOR,SG,16,0,6.4,0.8,2.1,.353,0.2,0.9,.214,0.6,1.3,.450,.397,0.8,1.0,.813,0.4,0.5,0.9,0.5,0.4,0.2,0.3,0.6,2.5,,martial01
483,Jeff Green,39,HOU,PF,25,0,5.4,0.9,2.1,.415,0.5,1.4,.333,0.4,0.7,.588,.528,0.1,0.1,1.000,0.2,0.6,0.8,0.2,0.0,0.0,0.0,0.3,2.4,,greenje02
484,TyTy Washington Jr.,24,LAC,PG,8,0,6.5,1.0,1.8,.571,0.4,0.9,.429,0.6,0.9,.714,.679,0.0,0.0,,0.1,0.1,0.3,1.4,0.5,0.3,0.4,0.5,2.4,,washity02
485,Chris Boucher,33,BOS,PF,9,0,10.4,0.9,2.8,.320,0.2,1.7,.133,0.7,1.1,.600,.360,0.3,0.4,.750,0.2,1.8,2.0,0.3,0.6,0.8,0.1,1.9,2.3,,bouchch01
486,Malevy Leons,26,GSW,SF,13,0,7.8,0.8,2.0,.423,0.2,0.7,.222,0.7,1.3,.529,.462,0.5,0.6,.750,1.0,1.0,2.0,0.5,0.4,0.3,0.2,1.1,2.3,,leonsma01
487,Luke Travers,24,CLE,SG,12,0,8.6,0.8,3.0,.250,0.1,1.3,.063,0.7,1.7,.400,.264,0.8,0.8,1.000,0.8,1.3,2.0,0.8,0.6,0.3,0.3,0.5,2.3,,travelu01
488,JD Davison,23,HOU,PG,25,0,7.4,0.8,2.2,.389,0.3,1.1,.286,0.5,1.0,.500,.463,0.2,0.4,.556,0.1,0.8,0.9,1.1,0.2,0.2,0.3,0.6,2.2,,davisjd01
489,Tristan Enaruna,24,CLE,SF,6,0,5.7,1.0,2.7,.375,0.2,0.8,.200,0.8,1.8,.455,.406,0.0,0.2,.000,0.8,0.7,1.5,0.5,0.2,0.0,0.3,0.2,2.2,,enarutr01
490,Yang Hansen,20,POR,C,39,1,7.1,0.7,2.4,.301,0.1,1.0,.125,0.6,1.4,.434,.328,0.6,0.7,.828,0.5,1.0,1.5,0.6,0.1,0.2,0.8,1.0,2.2,,yangha01
491,Maxi Kleber,34,LAL,PF,35,1,10.9,0.8,1.7,.467,0.2,0.6,.273,0.6,1.1,.579,.517,0.4,0.6,.636,0.8,1.1,1.9,0.6,0.4,0.3,0.4,1.4,2.2,,klebima01
492,E.J. Liddell,25,BRK,PF,13,0,6.1,0.8,1.8,.478,0.3,1.0,.308,0.5,0.8,.700,.565,0.2,0.2,.667,0.2,1.3,1.5,0.2,0.1,0.2,0.4,0.5,2.2,,liddeej01
493,Khaman Maluach,19,PHO,C,32,0,6.9,0.9,1.7,.547,0.1,0.3,.182,0.8,1.3,.643,.566,0.3,0.5,.733,0.8,1.2,1.9,0.2,0.1,0.5,0.7,0.8,2.2,,maluakh01
494,Hunter Tyson,25,DEN,PF,21,2,7.7,0.7,2.5,.269,0.3,1.6,.212,0.3,0.9,.368,.337,0.5,0.6,.846,0.2,1.5,1.7,0.8,0.1,0.0,0.2,0.6,2.2,,tysonhu01
495,Bronny James,21,LAL,SG,32,1,7.0,0.8,2.0,.397,0.4,0.9,.414,0.4,1.1,.382,.492,0.1,0.2,.800,0.1,0.3,0.5,1.2,0.3,0.1,0.4,0.5,2.1,,jamesbr02
496,Lindy Waters III,28,SAS,SG,34,0,6.5,0.7,1.9,.379,0.6,1.7,.345,0.1,0.2,.625,.530,0.0,0.0,1.000,0.1,0.6,0.6,0.4,0.1,0.0,0.1,0.5,2.1,,waterli01
497,Dalano Banton,26,2TM,PG,5,0,5.0,0.8,1.8,.444,0.0,0.0,,0.8,1.8,.444,.444,0.4,0.4,1.000,0.2,0.0,0.2,0.8,0.2,0.2,0.4,0.2,2.0,,bantoda01
497,Dalano Banton,26,LAC,PG,2,0,5.0,1.5,2.0,.750,0.0,0.0,,1.5,2.0,.750,.750,0.0,0.0,,0.5,0.0,0.5,1.0,0.5,0.0,0.5,0.0,3.0,,bantoda01
497,Dalano Banton,26,BOS,PG,3,0,5.0,0.3,1.7,.200,0.0,0.0,,0.3,1.7,.200,.200,0.7,0.7,1.000,0.0,0.0,0.0,0.7,0.0,0.3,0.3,0.3,1.3,,bantoda01
498,Hunter Dickinson,25,NOP,C,1,0,5.0,1.0,2.0,.500,0.0,0.0,,1.0,2.0,.500,.500,0.0,0.0,,0.0,0.0,0.0,0.0,0.0,1.0,2.0,2.0,2.0,,dickihu01
499,Trentyn Flowers,20,CHI,SF,2,0,3.0,1.0,1.5,.667,0.0,0.5,.000,1.0,1.0,1.000,.667,0.0,0.0,,0.5,0.0,0.5,0.5,0.0,0.0,0.5,0.5,2.0,,flowetr01
500,Keshon Gilbert,22,WAS,PG,3,0,16.0,0.3,1.3,.250,0.0,0.7,.000,0.3,0.7,.500,.250,1.3,1.3,1.000,0.7,1.0,1.7,1.0,0.7,1.3,2.0,1.0,2.0,,gilbeke01
501,Colby Jones,23,DET,SG,1,0,7.0,1.0,3.0,.333,0.0,2.0,.000,1.0,1.0,1.000,.333,0.0,0.0,,0.0,4.0,4.0,2.0,0.0,0.0,0.0,1.0,2.0,,jonesco02
502,Johnny Juzang,24,MIN,SG,21,0,4.2,0.8,1.8,.421,0.3,1.1,.250,0.5,0.7,.714,.500,0.2,0.4,.625,0.2,0.6,0.8,0.3,0.1,0.0,0.2,0.1,2.0,,juzanjo01
503,Isaiah Livers,27,PHO,PF,33,0,10.1,0.7,1.8,.361,0.4,1.2,.308,0.3,0.7,.455,.459,0.3,0.4,.750,0.6,1.2,1.8,0.6,0.4,0.2,0.4,0.8,2.0,,liveris01
504,Wendell Moore Jr.,24,DET,SG,5,0,10.8,0.8,1.4,.571,0.0,0.2,.000,0.8,1.2,.667,.571,0.4,0.4,1.000,0.2,1.0,1.2,0.6,0.4,0.4,0.2,0.2,2.0,,moorewe01
505,Chris Youngblood,23,OKC,SG,32,0,5.4,0.6,1.9,.333,0.5,1.6,.314,0.1,0.3,.444,.467,0.3,0.3,.900,0.2,0.7,0.9,0.3,0.1,0.1,0.1,0.6,2.0,,youngch01
506,Caleb Houstan,23,ATL,SF,12,0,4.5,0.6,1.3,.467,0.5,1.0,.500,0.1,0.3,.333,.667,0.3,0.3,1.000,0.3,0.2,0.5,0.2,0.1,0.1,0.3,0.7,1.9,,houstca01
507,Jordan McLaughlin,29,SAS,PG,33,0,5.9,0.7,1.8,.393,0.4,1.0,.375,0.4,0.9,.414,.492,0.1,0.2,.800,0.1,0.5,0.7,0.7,0.4,0.0,0.4,0.3,1.9,,mclaujo01
508,Ariel Hukporti,23,NYK,C,48,4,9.0,0.7,1.3,.550,0.0,0.1,.250,0.7,1.2,.571,.558,0.4,0.6,.750,0.9,1.9,2.8,0.5,0.2,0.5,0.6,1.2,1.8,,hukpoar01
509,Harrison Ingram,23,SAS,SF,5,0,3.4,0.8,1.0,.800,0.2,0.2,1.000,0.6,0.8,.750,.900,0.0,0.0,,0.6,0.0,0.6,0.2,0.0,0.0,0.0,0.4,1.8,,ingraha01
510,Bobi Klintman,22,DET,SF,11,0,6.3,0.7,2.4,.308,0.4,1.2,.308,0.4,1.2,.308,.385,0.0,0.3,.000,0.5,1.2,1.6,0.5,0.3,0.0,0.5,1.0,1.8,,klintbo01
511,Cody Martin,30,IND,SF,4,0,13.8,0.5,2.5,.200,0.0,1.3,.000,0.5,1.3,.400,.200,0.8,1.5,.500,0.3,3.3,3.5,0.5,1.0,0.5,1.0,1.3,1.8,,martico01
512,Kevin McCullar Jr.,24,NYK,SF,19,0,6.7,0.7,1.8,.382,0.3,0.9,.353,0.4,0.9,.412,.471,0.1,0.3,.400,0.5,0.8,1.3,1.0,0.3,0.0,0.6,0.9,1.8,,mcculke01
513,Orlando Robinson,25,ORL,C,4,1,6.3,0.8,1.3,.600,0.3,0.5,.500,0.5,0.8,.667,.700,0.0,0.0,,0.5,0.5,1.0,0.8,0.3,0.0,0.0,0.8,1.8,,robinor01
514,Jahmir Young,25,MIA,PG,10,0,4.7,0.7,2.0,.350,0.2,0.7,.286,0.5,1.3,.385,.400,0.1,0.1,1.000,0.2,0.2,0.4,0.6,0.1,0.0,0.2,0.5,1.7,,youngja05
515,Xavier Tillman Sr.,27,2TM,C,22,1,6.5,0.7,1.7,.421,0.1,0.8,.176,0.6,1.0,.619,.461,0.0,0.0,,0.7,0.9,1.6,0.4,0.3,0.1,0.3,0.5,1.6,,tillmxa01
515,Xavier Tillman Sr.,27,BOS,C,14,1,7.9,1.0,2.2,.452,0.2,1.1,.200,0.8,1.1,.688,.500,0.0,0.0,,0.7,1.1,1.8,0.4,0.4,0.1,0.4,0.6,2.2,,tillmxa01
515,Xavier Tillman Sr.,27,CHO,C,8,0,4.0,0.3,0.9,.286,0.0,0.3,.000,0.3,0.6,.400,.286,0.0,0.0,,0.8,0.5,1.3,0.4,0.0,0.1,0.1,0.4,0.5,,tillmxa01
516,Mason Plumlee,35,2TM,C,16,2,8.3,0.6,0.8,.750,0.0,0.0,,0.6,0.8,.750,.750,0.5,0.8,.667,0.7,2.0,2.7,1.1,0.5,0.0,0.6,0.7,1.6,,plumlma01
516,Mason Plumlee,35,CHO,C,14,2,8.9,0.6,0.9,.750,0.0,0.0,,0.6,0.9,.750,.750,0.6,0.9,.667,0.7,2.1,2.9,1.1,0.4,0.0,0.6,0.7,1.9,,plumlma01
516,Mason Plumlee,35,SAS,C,2,0,4.0,0.0,0.0,,0.0,0.0,,0.0,0.0,,,0.0,0.0,,0.5,1.0,1.5,0.5,1.0,0.0,0.0,0.5,0.0,,plumlma01
517,Kyle Lowry,39,PHI,PG,9,0,8.4,0.3,1.3,.250,0.3,1.3,.250,0.0,0.0,,.375,0.6,0.7,.833,0.0,0.7,0.7,1.0,0.2,0.1,0.2,0.6,1.6,,lowryky01
518,Jacob Toppin,25,ATL,SF,5,0,3.4,0.8,1.2,.667,0.0,0.0,,0.8,1.2,.667,.667,0.0,0.0,,0.0,0.2,0.2,0.2,0.0,0.2,0.0,0.2,1.6,,toppija01
519,Buddy Boeheim,26,OKC,SF,4,0,3.8,0.5,1.5,.333,0.5,1.5,.333,0.0,0.0,,.500,0.0,0.0,,0.0,0.0,0.0,0.0,0.0,0.0,0.0,0.3,1.5,,boehebu01
520,Curtis Jones,24,DEN,SG,6,0,5.2,0.7,2.3,.286,0.2,1.5,.111,0.5,0.8,.600,.321,0.0,0.0,,0.2,0.7,0.8,0.5,0.0,0.0,0.2,0.5,1.5,,jonescu01
521,Adou Thiero,21,LAL,SF,19,0,5.5,0.5,1.1,.476,0.0,0.1,.000,0.5,1.1,.500,.476,0.4,0.5,.800,0.4,0.7,1.1,0.3,0.3,0.1,0.3,0.8,1.5,,thierad01
522,Isaac Jones,25,2TM,PF,5,1,4.8,0.6,1.0,.600,0.0,0.4,.000,0.6,0.6,1.000,.600,0.2,0.4,.500,0.4,0.4,0.8,0.2,0.0,0.0,0.0,0.8,1.4,,jonesis01
522,Isaac Jones,25,SAC,PF,3,1,5.7,0.3,0.7,.500,0.0,0.3,.000,0.3,0.3,1.000,.500,0.3,0.7,.500,0.7,0.0,0.7,0.3,0.0,0.0,0.0,1.3,1.0,,jonesis01
522,Isaac Jones,25,DET,PF,2,0,3.5,1.0,1.5,.667,0.0,0.5,.000,1.0,1.0,1.000,.667,0.0,0.0,,0.0,1.0,1.0,0.0,0.0,0.0,0.0,0.0,2.0,,jonesis01
523,Brooks Barnhizer,23,OKC,SG,33,0,7.8,0.6,1.5,.380,0.2,0.5,.294,0.4,1.0,.424,.430,0.1,0.2,.667,0.3,1.4,1.7,0.5,0.2,0.1,0.2,0.6,1.4,,barnhbr01
524,Isaiah Crawford,24,HOU,SF,11,0,6.1,0.5,1.2,.385,0.2,0.7,.250,0.3,0.5,.600,.462,0.3,0.4,.750,0.2,0.7,0.9,0.4,0.2,0.3,0.2,0.3,1.4,,crawfis01
525,Dillon Jones,24,NYK,SF,5,0,4.8,0.2,1.0,.200,0.2,0.6,.333,0.0,0.4,.000,.300,0.8,0.8,1.000,0.4,0.8,1.2,0.8,0.4,0.0,0.0,0.8,1.4,,jonesdi01
526,Thanasis Antetokounmpo,33,MIL,SF,25,0,3.2,0.4,0.8,.526,0.0,0.1,.000,0.4,0.7,.588,.526,0.5,0.8,.600,0.4,0.4,0.7,0.2,0.4,0.2,0.2,0.4,1.3,,antetth01
527,Nigel Hayes-Davis,31,PHO,SF,27,0,7.2,0.6,1.7,.326,0.1,0.6,.125,0.5,1.1,.433,.348,0.1,0.1,.500,0.4,0.8,1.2,0.3,0.3,0.1,0.3,0.6,1.3,,hayesni01
528,Andre Jackson Jr.,24,MIL,SG,34,0,6.0,0.4,1.7,.237,0.2,1.0,.176,0.2,0.7,.320,.288,0.3,0.3,.900,0.4,0.6,1.0,0.8,0.2,0.1,0.4,0.8,1.3,,jacksan01
529,Lachlan Olbrich,22,CHI,C,24,0,6.4,0.5,1.3,.433,0.1,0.3,.250,0.5,0.9,.500,.467,0.2,0.4,.400,0.7,1.3,1.9,0.7,0.2,0.1,0.3,1.0,1.3,,olbrila01
530,Rocco Zikarsky,19,MIN,C,3,0,4.7,0.7,0.7,1.000,0.0,0.0,,0.7,0.7,1.000,1.000,0.0,0.0,,0.3,1.0,1.3,0.0,0.0,0.7,0.0,0.3,1.3,,zikarro01
531,Javonte Cooke,26,POR,SG,19,0,4.9,0.5,2.2,.220,0.2,1.2,.130,0.3,0.9,.333,.256,0.1,0.1,1.000,0.2,0.8,1.0,0.4,0.3,0.0,0.5,0.3,1.2,,cookeja01
532,Pacôme Dadiet,20,NYK,SG,23,0,3.7,0.3,1.0,.348,0.2,0.7,.333,0.1,0.3,.375,.457,0.3,0.3,1.000,0.1,0.7,0.8,0.4,0.1,0.0,0.0,0.2,1.2,,dadiepa01
533,Jonathan Mogbo,24,TOR,PF,27,0,5.9,0.6,1.1,.517,0.0,0.0,,0.6,1.1,.517,.517,0.1,0.2,.400,0.5,1.0,1.5,0.5,0.2,0.2,0.3,0.6,1.2,,mogbojo01
534,Amari Williams,24,BOS,PF,18,2,6.6,0.4,0.9,.438,0.0,0.0,,0.4,0.9,.438,.438,0.4,0.7,.667,0.4,1.3,1.7,0.4,0.1,0.5,0.4,0.8,1.2,,william01
535,Vladislav Goldin,24,MIA,C,4,0,3.0,0.5,0.8,.667,0.0,0.0,,0.5,0.8,.667,.667,0.0,0.0,,0.3,0.8,1.0,0.5,0.0,0.3,0.3,0.8,1.0,,goldivl01
536,David Roddy,24,DEN,PF,2,0,6.0,0.0,1.5,.000,0.0,1.5,.000,0.0,0.0,,.000,1.0,1.0,1.000,0.5,1.5,2.0,1.0,0.5,0.0,0.0,1.0,1.0,,roddyda01
537,Hunter Sallis,22,PHI,SG,7,0,3.7,0.4,0.7,.600,0.0,0.0,,0.4,0.7,.600,.600,0.1,0.3,.500,0.0,0.1,0.1,0.6,0.0,0.1,0.7,0.3,1.0,,sallihu01
538,Dario Šarić,31,SAC,C,5,0,8.2,0.2,1.2,.167,0.2,0.6,.333,0.0,0.6,.000,.250,0.4,0.4,1.000,0.2,1.0,1.2,0.4,0.0,0.0,0.4,0.6,1.0,,saricda01
539,Stanley Umude,26,SAS,SG,2,0,3.5,0.5,1.0,.500,0.0,0.5,.000,0.5,0.5,1.000,.500,0.0,0.0,,0.0,0.0,0.0,0.5,0.5,0.0,0.0,1.0,1.0,,umudest01
540,Johni Broome,23,PHI,C,11,0,5.0,0.4,2.2,.167,0.0,0.5,.000,0.4,1.7,.211,.167,0.2,0.5,.333,0.6,0.8,1.5,0.4,0.3,0.2,0.3,0.6,0.9,,broomjo01
541,Bismack Biyombo,33,SAS,C,19,1,5.7,0.3,0.5,.667,0.0,0.0,,0.3,0.5,.667,.667,0.2,0.3,.800,0.2,0.6,0.8,0.3,0.2,0.1,0.3,1.1,0.8,,biyombi01
542,N'Faly Dante,24,ATL,C,4,0,3.8,0.3,1.0,.250,0.0,0.0,,0.3,1.0,.250,.250,0.3,0.3,1.000,0.8,1.0,1.8,0.0,0.5,0.0,0.3,0.3,0.8,,nfalyda01
543,Trey Jemison,26,NYK,C,11,0,5.5,0.4,0.6,.571,0.0,0.0,,0.4,0.6,.571,.571,0.1,0.1,1.000,0.7,0.7,1.5,0.3,0.1,0.2,0.5,0.8,0.8,,jemistr01
544,Drew Peterson,26,CHO,PF,6,0,10.7,0.3,2.7,.125,0.0,2.0,.000,0.3,0.7,.500,.125,0.2,0.3,.500,0.5,1.0,1.5,0.3,0.5,0.2,0.0,0.5,0.8,,peterdr01
545,John Tonje,24,BOS,SG,3,0,3.7,0.0,0.7,.000,0.0,0.7,.000,0.0,0.0,,.000,0.7,0.7,1.000,0.0,0.7,0.7,0.3,0.0,0.0,0.0,0.3,0.7,,tonjejo01
546,Joe Ingles,38,MIN,SF,22,0,4.1,0.2,0.4,.444,0.1,0.3,.333,0.1,0.1,.667,.556,0.1,0.1,1.000,0.0,0.3,0.3,0.9,0.3,0.0,0.4,0.3,0.5,,inglejo01
547,Garrett Temple,39,TOR,SG,16,0,2.9,0.1,0.5,.125,0.1,0.4,.167,0.0,0.1,.000,.188,0.3,0.4,.667,0.1,0.3,0.3,0.3,0.2,0.1,0.2,0.2,0.4,,templga01
548,Chris Mañon,24,LAL,SG,6,0,4.2,0.0,0.3,.000,0.0,0.3,.000,0.0,0.0,,.000,0.3,0.3,1.000,0.2,0.8,1.0,0.2,0.5,0.3,0.2,0.8,0.3,,manonch01
549,Jahmyl Telfort,24,LAC,PF,8,0,4.0,0.0,0.5,.000,0.0,0.5,.000,0.0,0.0,,.000,0.1,0.5,.250,0.0,0.4,0.4,0.1,0.1,0.0,0.1,0.6,0.1,,telfoja01
550,Darius Brown II,26,CLE,SG,1,0,3.0,0.0,1.0,.000,0.0,0.0,,0.0,1.0,.000,.000,0.0,0.0,,0.0,1.0,1.0,0.0,0.0,0.0,0.0,0.0,0.0,,brownda04
551,Noa Essengue,19,CHI,PF,2,0,3.0,0.0,1.5,.000,0.0,1.0,.000,0.0,0.5,.000,.000,0.0,0.0,,0.0,0.0,0.0,0.0,0.5,0.0,0.0,0.5,0.0,,essenno01
552,Tosan Evbuomwan,24,NYK,SF,5,0,1.6,0.0,0.2,.000,0.0,0.0,,0.0,0.2,.000,.000,0.0,0.0,,0.2,0.2,0.4,0.0,0.0,0.0,0.0,0.2,0.0,,evbuoto01
553,Enrique Freeman,25,MIN,PF,2,0,4.0,0.0,0.0,,0.0,0.0,,0.0,0.0,,,0.0,0.0,,0.0,1.5,1.5,0.0,0.0,0.5,0.0,0.0,0.0,,freemen01
554,Chucky Hepburn,22,TOR,PG,2,0,6.5,0.0,3.0,.000,0.0,2.5,.000,0.0,0.5,.000,.000,0.0,0.0,,0.0,0.5,0.5,1.0,0.5,0.0,0.5,1.0,0.0,,hepbuch01
555,Trevor Keels,22,MIA,SG,4,0,1.3,0.0,1.0,.000,0.0,0.8,.000,0.0,0.3,.000,.000,0.0,0.0,,0.0,0.5,0.5,0.0,0.0,0.0,0.0,0.0,0.0,,keelstr01
556,John Poulakidas,22,DAL,SG,1,0,14.0,0.0,2.0,.000,0.0,1.0,.000,0.0,1.0,.000,.000,0.0,0.0,,1.0,4.0,5.0,2.0,0.0,0.0,1.0,2.0,0.0,,poulajo01
557,Max Shulga,23,BOS,SG,3,0,1.7,0.0,0.3,.000,0.0,0.0,,0.0,0.3,.000,.000,0.0,0.0,,0.0,0.0,0.0,0.0,0.0,0.0,0.0,0.7,0.0,,shulgma01
558,Tyler Smith,21,DAL,PF,1,0,6.0,0.0,3.0,.000,0.0,3.0,.000,0.0,0.0,,.000,0.0,0.0,,0.0,1.0,1.0,0.0,0.0,0.0,1.0,0.0,0.0,,smithty02
,League Average,,,,,,,,,.469,,,.358,,,.548,.543,,,.783,,,,,,,,,,,-9999